{"950.400024, 0, 897.599976":[-90,"HCZ_I"],"897.599976, 0, 316.799988":[0,"LCZ_I"],"844.799988, 0, 369.600006":[90,"LCZ_L"],"686.400024, 0, 897.599976":[0,"HCZ_X"],"844.799988, 0, 528":[0,"LCZ_PC"],"950.400024, 0, 158.399994":[180,"LCZ_T"],"739.200012, 0, 369.600006":[180,"LCZ_L"],"792, 0, 528":[90,"LCZ_L"],"475.200012, 0, 739.200012":[180,"EZ_L"],"211.199997, 0, 792":[-90,"EZ_I"],"897.599976, 0, 844.799988":[-90,"HCZ_T"],"1003.20001, 0, 422.399994":[0,"LCZ_T"],"686.400024, 0, 633.599976":[0,"HCZ_I"],"792, 0, 211.199997":[180,"LCZ_L"],"792, 0, 105.599998":[0,"LCZ_L"],"422.399994, 0, 844.799988":[-90,"EZ_T"],"1003.20001, 0, 105.599998":[90,"LCZElevator2"],"422.399994, 0, 950.400024":[0,"EZ_I"],"792, 0, 844.799988":[180,"HCZ_X"],"580.799988, 0, 369.600006":[180,"LCZ_T"],"369.600006, 0, 1003.20001":[-90,"EZ_L"],"580.799988, 0, 844.799988":[0,"Checkpoint"],"792, 0, 897.599976":[0,"HCZ_T"],"897.599976, 0, 422.399994":[-90,"LCZ_T"],"475.200012, 0, 897.599976":[0,"EZ_L"],"369.600006, 0, 897.599976":[0,"EZ_I"],"739.200012, 0, 844.799988":[180,"HCZ_I"],"422.399994, 0, 792":[90,"EZ_I"],"316.799988, 0, 950.400024":[90,"EZ_I"],"686.400024, 0, 369.600006":[180,"LCZ_I"],"844.799988, 0, 105.599998":[0,"LCZ_I"],"580.799988, 0, 316.799988":[90,"LCZ_I"],"844.799988, 0, 211.199997":[-90,"LCZ_I"],"686.400024, 0, 422.399994":[180,"LCZ_I"],"686.400024, 0, 739.200012":[180,"HCZ_T"],"158.399994, 0, 633.599976":[90,"EZ_L"],"264, 0, 1003.20001":[0,"EZ_I"],"950.400024, 0, 950.400024":[0,"HCZ_L"],"264, 0, 897.599976":[0,"EZ_I"],"264, 0, 633.599976":[0,"EZ_L"],"950.400024, 0, 739.200012":[90,"HCZ_L"],"950.400024, 0, 316.799988":[0,"LCZ_I"],"739.200012, 0, 897.599976":[0,"HCZ_I"],"211.199997, 0, 950.400024":[90,"EZ_I"],"739.200012, 0, 211.199997":[90,"LCZ_T"],"211.199997, 0, 897.599976":[-90,"EZ_T"],"897.599976, 0, 105.599998":[0,"LCZ_I"],"105.599998, 0, 739.200012":[0,"EZ_X"],"475.200012, 0, 686.400024":[0,"EZ_L"],"844.799988, 0, 264":[180,"LCZ_GH"],"475.200012, 0, 950.400024":[90,"EZ_T"],"211.199997, 0, 739.200012":[180,"EZ_T"],"580.799988, 0, 422.399994":[90,"LCZ_L"],"105.599998, 0, 686.400024":[90,"EZ_L"],"1003.20001, 0, 264":[-90,"LCZ_L"],"686.400024, 0, 158.399994":[90,"SCP-914"],"158.399994, 0, 686.400024":[-90,"EZ_L"],"792, 0, 1003.20001":[0,"HCZ_L"],"950.400024, 0, 211.199997":[90,"LCZ_I"],"105.599998, 0, 792":[-90,"EZ_I"],"739.200012, 0, 739.200012":[180,"HCZ_I"],"52.7999992, 0, 739.200012":[180,"Gate"],"422.399994, 0, 739.200012":[90,"EZ_T"],"633.599976, 0, 369.600006":[180,"LCZ_I"],"633.599976, 0, 792":[180,"HCZ_L"],"211.199997, 0, 1003.20001":[0,"EZ_T"],"844.799988, 0, 316.799988":[-90,"LCZ_X"],"633.599976, 0, 1003.20001":[180,"HCZ_I"],"580.799988, 0, 633.599976":[0,"Checkpoint"],"316.799988, 0, 792":[-90,"EZ_I"],"580.799988, 0, 264":[-90,"LCZ_WC"],"316.799988, 0, 897.599976":[0,"EZ_X"],"897.599976, 0, 369.600006":[-90,"LCZ_L"],"316.799988, 0, 739.200012":[-90,"EZ_T"],"105.599998, 0, 844.799988":[180,"EZ_L"],"686.400024, 0, 844.799988":[180,"HCZ_T"],"897.599976, 0, 950.400024":[0,"HCZ_I"],"211.199997, 0, 633.599976":[0,"EZ_I"],"844.799988, 0, 844.799988":[90,"HCZ_T"],"739.200012, 0, 264":[0,"LCZ_T"],"897.599976, 0, 686.400024":[180,"HCZ_I"],"422.399994, 0, 897.599976":[0,"EZ_T"],"739.200012, 0, 1003.20001":[0,"HCZ_I"],"686.400024, 0, 211.199997":[-90,"LCZ_T"],"158.399994, 0, 1003.20001":[0,"EZ_I"],"211.199997, 0, 844.799988":[90,"EZ_T"],"950.400024, 0, 264":[90,"LCZ_L"],"950.400024, 0, 792":[180,"SCP-049"],"686.400024, 0, 1003.20001":[-90,"HCZ_T"],"950.400024, 0, 422.399994":[0,"LCZ_I"],"105.599998, 0, 1003.20001":[0,"EZ_I"],"792, 0, 739.200012":[180,"HCZ_X"],"158.399994, 0, 739.200012":[180,"EZ_I"],"686.400024, 0, 792":[0,"HCZ_T"],"844.799988, 0, 422.399994":[0,"LCZ_I"],"897.599976, 0, 580.799988":[90,"HCZ_L"],"52.7999992, 0, 1003.20001":[180,"Gate"],"528, 0, 633.599976":[0,"EZ_I"],"844.799988, 0, 1003.20001":[-90,"SCP-096"],"633.599976, 0, 844.799988":[0,"HCZ_L"],"792, 0, 316.799988":[0,"LCZ_I"],"1003.20001, 0, 369.600006":[90,"LCZ_I"],"1003.20001, 0, 158.399994":[0,"LCZ_T"],"844.799988, 0, 158.399994":[-90,"LCZ_L"],"792, 0, 158.399994":[180,"LCZ_T"],"580.799988, 0, 1003.20001":[0,"Checkpoint"],"264, 0, 686.400024":[-90,"EZ_T"],"1003.20001, 0, 316.799988":[0,"LCZ_T"],"686.400024, 0, 686.400024":[90,"HCZElevator2"],"264, 0, 739.200012":[-90,"EZ_L"],"739.200012, 0, 422.399994":[0,"LCZ_I"],"158.399994, 0, 844.799988":[180,"EZ_I"],"686.400024, 0, 950.400024":[-90,"HCZ_I"],"475.200012, 0, 844.799988":[0,"EZ_I"],"633.599976, 0, 475.200012":[-90,"LCZElevator1"],"792, 0, 686.400024":[-90,"HCZ_I"],"897.599976, 0, 739.200012":[90,"HCZ_T"],"1003.20001, 0, 844.799988":[0,"SCP-106"],"528, 0, 844.799988":[0,"EZ_I"],"633.599976, 0, 211.199997":[0,"LCZ_I"],"369.600006, 0, 950.400024":[90,"EZ_L"],"844.799988, 0, 897.599976":[90,"HCZ_I"],"897.599976, 0, 792":[-90,"HCZ_I"],"844.799988, 0, 739.200012":[-90,"HCZ_T"],"475.200012, 0, 1003.20001":[180,"EZ_L"],"950.400024, 0, 686.400024":[0,"SCP-079"],"633.599976, 0, 422.399994":[90,"LCZ_T"],"792, 0, 475.200012":[90,"LCZ_I"],"792, 0, 950.400024":[90,"HCZ_I"],"950.400024, 0, 105.599998":[-90,"LCZ_L"],"1003.20001, 0, 475.200012":[-90,"SCP-173"],"369.600006, 0, 739.200012":[0,"EZ_I"],"633.599976, 0, 897.599976":[180,"HCZ_Armory"],"528, 0, 1003.20001":[0,"EZ_I"],"316.799988, 0, 1003.20001":[0,"EZ_T"],"580.799988, 0, 158.399994":[90,"CDC"],"739.200012, 0, 316.799988":[180,"LCZ_T"],"580.799988, 0, 211.199997":[180,"LCZ_T"],"422.399994, 0, 633.599976":[90,"EZ_L"],"686.400024, 0, 264":[180,"LCZ_Armory"],"950.400024, 0, 844.799988":[180,"HCZ_X"],"897.599976, 0, 633.599976":[-90,"HCZElevator1"],"528, 0, 739.200012":[0,"EZ_Armory"],"844.799988, 0, 580.799988":[180,"HCZ_L"],"739.200012, 0, 633.599976":[0,"HCZ_I"],"792, 0, 633.599976":[90,"HCZ_L"],"475.200012, 0, 633.599976":[0,"EZ_I"],"792, 0, 422.399994":[90,"LCZ_T"],"422.399994, 0, 686.400024":[-90,"EZ_T"],"792, 0, 792":[-90,"HCZ_I"],"844.799988, 0, 686.400024":[180,"HCZ_T"],"316.799988, 0, 844.799988":[-90,"EZ_I"],"844.799988, 0, 950.400024":[180,"HCZ_T"],"316.799988, 0, 686.400024":[0,"EZ_L"],"633.599976, 0, 633.599976":[0,"HCZ_I"],"844.799988, 0, 633.599976":[-90,"HCZ_I"],"1003.20001, 0, 211.199997":[-90,"SCP-372"]}
