{"1056, 0, 105.599998":[90,"CDC"],"1003.20001, 0, 739.200012":[180,"HCZ_I"],"950.400024, 0, 475.200012":[-90,"LCZElevator2"],"686.400024, 0, 897.599976":[-90,"HCZ_L"],"844.799988, 0, 844.799988":[-90,"HCZ_I"],"950.400024, 0, 158.399994":[90,"LCZ_X"],"686.400024, 0, 158.399994":[90,"LCZ_L"],"844.799988, 0, 633.599976":[180,"SCP-049"],"211.199997, 0, 1003.20001":[-90,"EZ_I"],"792, 0, 580.799988":[180,"HCZElevator1"],"686.400024, 0, 52.7999992":[90,"LCZ_PC"],"686.400024, 0, 633.599976":[180,"HCZ_T"],"844.799988, 0, 422.399994":[180,"LCZ_WC"],"580.799988, 0, 580.799988":[180,"Checkpoint"],"475.200012, 0, 792":[90,"EZ_I"],"422.399994, 0, 739.200012":[90,"EZ_I"],"950.400024, 0, 897.599976":[0,"HCZ_I"],"792, 0, 211.199997":[90,"LCZ_X"],"422.399994, 0, 686.400024":[90,"EZ_X"],"475.200012, 0, 739.200012":[90,"EZ_I"],"422.399994, 0, 633.599976":[90,"EZ_I"],"792, 0, 1003.20001":[-90,"HCZ_Armory"],"844.799988, 0, 739.200012":[0,"HCZ_X"],"686.400024, 0, 844.799988":[-90,"HCZ_I"],"422.399994, 0, 580.799988":[90,"EZ_L"],"1056, 0, 950.400024":[-90,"HCZElevator2"],"475.200012, 0, 844.799988":[90,"EZ_I"],"369.600006, 0, 1056":[0,"EZ_I"],"475.200012, 0, 686.400024":[0,"EZ_L"],"950.400024, 0, 369.600006":[-90,"LCZ_I"],"792, 0, 158.399994":[90,"LCZ_T"],"792, 0, 264":[90,"LCZ_I"],"369.600006, 0, 686.400024":[90,"EZ_L"],"897.599976, 0, 422.399994":[0,"LCZ_I"],"739.200012, 0, 158.399994":[180,"LCZ_I"],"950.400024, 0, 316.799988":[-90,"LCZ_I"],"1003.20001, 0, 158.399994":[180,"LCZ_L"],"475.200012, 0, 897.599976":[90,"EZ_I"],"316.799988, 0, 844.799988":[-90,"EZ_L"],"316.799988, 0, 792":[180,"EZ_T"],"950.400024, 0, 211.199997":[180,"LCZ_T"],"264, 0, 1056":[0,"EZ_T"],"792, 0, 739.200012":[0,"HCZ_I"],"264, 0, 950.400024":[90,"EZ_I"],"264, 0, 792":[0,"EZ_I"],"264, 0, 844.799988":[90,"EZ_L"],"422.399994, 0, 897.599976":[90,"EZ_I"],"211.199997, 0, 792":[180,"EZ_T"],"844.799988, 0, 792":[-90,"HCZ_I"],"792, 0, 369.600006":[90,"LCZ_I"],"369.600006, 0, 844.799988":[90,"EZ_I"],"1056, 0, 158.399994":[90,"LCZ_I"],"475.200012, 0, 950.400024":[90,"EZ_I"],"686.400024, 0, 792":[0,"HCZ_T"],"792, 0, 316.799988":[90,"LCZ_I"],"950.400024, 0, 739.200012":[180,"HCZ_I"],"1056, 0, 211.199997":[180,"LCZ_L"],"739.200012, 0, 739.200012":[90,"HCZ_T"],"844.799988, 0, 897.599976":[-90,"HCZ_T"],"633.599976, 0, 792":[180,"SCP-096"],"158.399994, 0, 792":[-180,"Gate"],"897.599976, 0, 739.200012":[180,"HCZ_I"],"264, 0, 897.599976":[90,"EZ_T"],"739.200012, 0, 897.599976":[0,"HCZ_I"],"844.799988, 0, 686.400024":[90,"HCZ_I"],"844.799988, 0, 580.799988":[90,"HCZ_L"],"369.600006, 0, 792":[90,"EZ_T"],"1056, 0, 897.599976":[90,"HCZ_L"],"1003.20001, 0, 897.599976":[0,"HCZ_I"],"792, 0, 950.400024":[90,"HCZ_I"],"211.199997, 0, 897.599976":[-90,"EZ_T"],"897.599976, 0, 264":[180,"SCP-372"],"844.799988, 0, 316.799988":[-90,"SCP-173"],"950.400024, 0, 105.599998":[180,"LCZ_T"],"369.600006, 0, 897.599976":[-90,"EZ_Armory"],"1003.20001, 0, 105.599998":[-90,"LCZ_L"],"211.199997, 0, 950.400024":[-90,"EZ_I"],"739.200012, 0, 211.199997":[180,"LCZElevator1"],"686.400024, 0, 739.200012":[180,"HCZ_T"],"633.599976, 0, 580.799988":[0,"HCZ_I"],"475.200012, 0, 580.799988":[0,"EZ_I"],"211.199997, 0, 1056":[0,"EZ_T"],"475.200012, 0, 1056":[-90,"EZ_L"],"792, 0, 422.399994":[-90,"LCZ_T"],"422.399994, 0, 950.400024":[-90,"EZ_L"],"1056, 0, 739.200012":[0,"NUKE_ROOM"],"316.799988, 0, 1056":[0,"EZ_I"],"211.199997, 0, 844.799988":[-90,"EZ_I"],"739.200012, 0, 422.399994":[180,"SCP-914"],"686.400024, 0, 105.599998":[90,"LCZ_I"],"739.200012, 0, 792":[-90,"SCP-079"],"422.399994, 0, 792":[90,"EZ_I"],"369.600006, 0, 950.400024":[-180,"Gate"],"897.599976, 0, 897.599976":[0,"HCZ_I"],"264, 0, 1003.20001":[90,"EZ_I"],"475.200012, 0, 1003.20001":[90,"EZ_I"],"844.799988, 0, 264":[90,"LCZ_I"],"844.799988, 0, 158.399994":[180,"LCZ_I"],"950.400024, 0, 422.399994":[0,"LCZ_T"],"422.399994, 0, 844.799988":[90,"EZ_I"],"950.400024, 0, 264":[0,"LCZ_T"],"792, 0, 897.599976":[90,"HCZ_T"],"422.399994, 0, 1056":[0,"EZ_I"],"1003.20001, 0, 211.199997":[-90,"LCZ_GH"],"739.200012, 0, 633.599976":[0,"SCP-106"],"528, 0, 580.799988":[0,"EZ_I"],"844.799988, 0, 211.199997":[-90,"LCZ_L"],"686.400024, 0, 580.799988":[90,"HCZ_L"],"369.600006, 0, 739.200012":[90,"EZ_I"],"897.599976, 0, 158.399994":[180,"LCZ_I"],"950.400024, 0, 52.7999992":[90,"LCZ_Armory"],"686.400024, 0, 686.400024":[90,"HCZ_I"]}
