{"686.400024, 0, 897.599976":[0,"HCZ_I"],"844.799988, 0, 528":[0,"LCZ_I"],"897.599976, 0, 105.599998":[-90,"LCZ_L"],"633.599976, 0, 1003.20001":[-90,"HCZ_L"],"739.200012, 0, 580.799988":[-180,"HCZ_I"],"1056, 0, 950.400024":[90,"HCZ_I"],"528, 0, 950.400024":[90,"EZ_I"],"792, 0, 633.599976":[-90,"SCP-096"],"422.399994, 0, 1003.20001":[0,"EZ_L"],"633.599976, 0, 739.200012":[-180,"HCZ_T"],"844.799988, 0, 475.200012":[-180,"LCZ_I"],"633.599976, 0, 528":[0,"LCZ_I"],"792, 0, 52.7999992":[90,"LCZ_T"],"1056, 0, 105.599998":[90,"CDC"],"633.599976, 0, 158.399994":[-180,"LCZ_I"],"633.599976, 0, 105.599998":[-180,"LCZ_I"],"1003.20001, 0, 633.599976":[90,"HCZElevator1"],"897.599976, 0, 52.7999992":[0,"LCZ_I"],"580.799988, 0, 1056":[0,"Checkpoint"],"580.799988, 0, 528":[90,"LCZ_L"],"950.400024, 0, 264":[-180,"LCZ_I"],"580.799988, 0, 475.200012":[-90,"LCZ_I"],"528, 0, 1056":[-180,"EZ_L"],"475.200012, 0, 897.599976":[0,"EZ_T"],"792, 0, 1003.20001":[0,"HCZ_I"],"950.400024, 0, 211.199997":[0,"LCZ_I"],"475.200012, 0, 1003.20001":[-90,"EZ_T"],"686.400024, 0, 369.600006":[-90,"LCZ_I"],"844.799988, 0, 264":[-180,"LCZ_I"],"475.200012, 0, 950.400024":[0,"EZ_L"],"844.799988, 0, 369.600006":[-180,"LCZ_L"],"475.200012, 0, 739.200012":[0,"EZ_I"],"633.599976, 0, 792":[90,"HCZ_I"],"422.399994, 0, 950.400024":[-180,"EZ_I"],"950.400024, 0, 739.200012":[0,"HCZ_T"],"633.599976, 0, 633.599976":[90,"HCZ_L"],"686.400024, 0, 105.599998":[-180,"LCZ_I"],"580.799988, 0, 316.799988":[-180,"LCZ_T"],"844.799988, 0, 105.599998":[0,"LCZ_I"],"1056, 0, 792":[90,"HCZ_L"],"422.399994, 0, 739.200012":[0,"EZ_I"],"580.799988, 0, 422.399994":[-90,"LCZ_I"],"1003.20001, 0, 264":[0,"SCP-914"],"528, 0, 792":[-90,"EZ_I"],"422.399994, 0, 580.799988":[0,"EZ_L"],"369.600006, 0, 1003.20001":[0,"EZ_I"],"792, 0, 580.799988":[90,"HCZ_T"],"633.599976, 0, 844.799988":[90,"HCZ_I"],"792, 0, 316.799988":[-90,"LCZ_I"],"739.200012, 0, 739.200012":[0,"HCZ_I"],"369.600006, 0, 897.599976":[0,"EZ_T"],"369.600006, 0, 686.400024":[-180,"EZ_T"],"792, 0, 528":[0,"LCZ_I"],"316.799988, 0, 1003.20001":[0,"EZ_I"],"316.799988, 0, 580.799988":[0,"EZ_I"],"950.400024, 0, 950.400024":[-180,"HCZ_I"],"1003.20001, 0, 950.400024":[0,"HCZ_L"],"264, 0, 897.599976":[-90,"EZ_T"],"1056, 0, 475.200012":[-90,"LCZ_L"],"264, 0, 844.799988":[90,"EZ_I"],"580.799988, 0, 633.599976":[0,"Checkpoint"],"1003.20001, 0, 316.799988":[90,"LCZ_T"],"264, 0, 686.400024":[0,"EZ_T"],"950.400024, 0, 1003.20001":[0,"HCZ_I"],"897.599976, 0, 897.599976":[90,"HCZ_Armory"],"264, 0, 950.400024":[-90,"EZ_T"],"264, 0, 633.599976":[90,"EZ_I"],"264, 0, 580.799988":[90,"EZ_L"],"1003.20001, 0, 1003.20001":[0,"HCZ_I"],"580.799988, 0, 264":[-90,"LCZ_I"],"316.799988, 0, 897.599976":[-180,"EZ_T"],"792, 0, 475.200012":[-180,"LCZ_I"],"950.400024, 0, 105.599998":[-90,"SCP-173"],"792, 0, 950.400024":[-180,"HCZ_I"],"1003.20001, 0, 475.200012":[0,"LCZ_I"],"792, 0, 369.600006":[-180,"LCZ_T"],"897.599976, 0, 950.400024":[-90,"HCZ_T"],"897.599976, 0, 686.400024":[90,"HCZ_I"],"422.399994, 0, 1056":[-180,"EZ_L"],"686.400024, 0, 1056":[0,"HCZ_I"],"897.599976, 0, 1003.20001":[0,"HCZ_I"],"1003.20001, 0, 792":[90,"HCZ_X"],"897.599976, 0, 475.200012":[-180,"LCZ_I"],"1003.20001, 0, 897.599976":[-90,"HCZ_I"],"739.200012, 0, 52.7999992":[0,"LCZ_WC"],"950.400024, 0, 792":[-90,"HCZ_L"],"950.400024, 0, 633.599976":[90,"HCZ_L"],"950.400024, 0, 316.799988":[90,"LCZ_T"],"739.200012, 0, 897.599976":[90,"HCZ_L"],"950.400024, 0, 528":[-180,"LCZ_L"],"211.199997, 0, 739.200012":[90,"EZ_T"],"528, 0, 897.599976":[0,"EZ_L"],"739.200012, 0, 528":[0,"LCZ_I"],"1056, 0, 1003.20001":[0,"HCZ_L"],"369.600006, 0, 580.799988":[0,"EZ_I"],"369.600006, 0, 844.799988":[90,"EZ_I"],"897.599976, 0, 528":[0,"LCZ_I"],"475.200012, 0, 844.799988":[90,"EZ_L"],"633.599976, 0, 316.799988":[-90,"LCZ_L"],"633.599976, 0, 369.600006":[-180,"LCZ_L"],"686.400024, 0, 475.200012":[-180,"LCZ_T"],"792, 0, 264":[-180,"LCZ_T"],"264, 0, 792":[0,"EZ_L"],"897.599976, 0, 264":[-180,"LCZ_I"],"844.799988, 0, 739.200012":[90,"HCZ_T"],"897.599976, 0, 316.799988":[90,"LCZ_GH"],"1056, 0, 264":[90,"LCZ_I"],"686.400024, 0, 316.799988":[-90,"LCZ_I"],"264, 0, 1003.20001":[-90,"EZ_T"],"686.400024, 0, 739.200012":[0,"HCZ_I"],"528, 0, 633.599976":[0,"EZ_I"],"844.799988, 0, 1003.20001":[90,"HCZ_T"],"1056, 0, 316.799988":[-180,"LCZ_L"],"792, 0, 105.599998":[-180,"LCZ_X"],"686.400024, 0, 686.400024":[0,"SCP-079"],"844.799988, 0, 844.799988":[-90,"HCZ_I"],"264, 0, 1056":[-90,"EZ_L"],"211.199997, 0, 686.400024":[90,"EZ_L"],"950.400024, 0, 52.7999992":[-90,"LCZ_L"],"950.400024, 0, 369.600006":[90,"LCZ_I"],"369.600006, 0, 792":[90,"EZ_I"],"528, 0, 739.200012":[0,"EZ_L"],"844.799988, 0, 580.799988":[-180,"HCZ_I"],"844.799988, 0, 792":[-90,"HCZ_I"],"1056, 0, 211.199997":[0,"LCZ_T"],"211.199997, 0, 792":[-180,"EZ_L"],"633.599976, 0, 897.599976":[-180,"HCZ_T"],"369.600006, 0, 739.200012":[-90,"EZ_T"],"1056, 0, 844.799988":[90,"HCZ_I"],"580.799988, 0, 158.399994":[-180,"LCZ_T"],"633.599976, 0, 580.799988":[-180,"HCZElevator2"],"686.400024, 0, 580.799988":[-180,"HCZ_I"],"633.599976, 0, 686.400024":[-180,"HCZ_T"],"422.399994, 0, 897.599976":[0,"EZ_I"],"739.200012, 0, 1003.20001":[0,"HCZ_X"],"1056, 0, 158.399994":[90,"LCZ_I"],"686.400024, 0, 1003.20001":[90,"SCP-049"],"950.400024, 0, 422.399994":[90,"LCZ_I"],"950.400024, 0, 686.400024":[90,"HCZ_I"],"158.399994, 0, 739.200012":[180,"Gate"],"422.399994, 0, 686.400024":[-90,"EZ_L"],"369.600006, 0, 950.400024":[-180,"EZ_I"],"844.799988, 0, 897.599976":[-90,"HCZ_I"],"1003.20001, 0, 739.200012":[90,"HCZ_I"],"528, 0, 844.799988":[-90,"EZ_L"],"1003.20001, 0, 844.799988":[-90,"HCZ_I"],"633.599976, 0, 950.400024":[-90,"HCZ_I"],"844.799988, 0, 316.799988":[0,"LCZ_L"],"528, 0, 1003.20001":[90,"EZ_T"],"844.799988, 0, 1056":[-90,"NUKE_ROOM"],"792, 0, 211.199997":[90,"LCZElevator1"],"1003.20001, 0, 686.400024":[90,"HCZ_I"],"1003.20001, 0, 211.199997":[0,"LCZ_I"],"739.200012, 0, 1056":[0,"HCZ_L"],"686.400024, 0, 158.399994":[-90,"LCZ_L"],"950.400024, 0, 475.200012":[90,"LCZ_X"],"897.599976, 0, 580.799988":[90,"HCZ_L"],"792, 0, 739.200012":[90,"HCZ_T"],"1003.20001, 0, 369.600006":[-90,"LCZ_PC"],"211.199997, 0, 1056":[-180,"Gate"],"475.200012, 0, 633.599976":[0,"EZ_I"],"792, 0, 422.399994":[-90,"SCP-372"],"1056, 0, 897.599976":[90,"HCZ_I"],"686.400024, 0, 52.7999992":[-180,"LCZElevator2"],"844.799988, 0, 950.400024":[-90,"HCZ_T"],"316.799988, 0, 686.400024":[0,"EZ_I"],"1056, 0, 528":[-90,"LCZ_Armory"],"897.599976, 0, 633.599976":[-180,"HCZ_T"],"686.400024, 0, 211.199997":[-90,"LCZ_I"],"580.799988, 0, 105.599998":[0,"LCZ_L"],"739.200012, 0, 105.599998":[-180,"LCZ_I"],"686.400024, 0, 264":[-90,"LCZ_I"],"580.799988, 0, 211.199997":[-90,"LCZ_I"],"422.399994, 0, 633.599976":[-90,"EZ_T"],"316.799988, 0, 950.400024":[0,"EZ_T"],"844.799988, 0, 52.7999992":[0,"LCZ_I"],"792, 0, 792":[-90,"SCP-106"],"897.599976, 0, 158.399994":[-90,"LCZ_I"],"897.599976, 0, 211.199997":[90,"LCZ_L"],"686.400024, 0, 528":[-90,"LCZ_T"],"633.599976, 0, 1056":[0,"HCZ_I"],"739.200012, 0, 475.200012":[0,"LCZ_I"],"580.799988, 0, 369.600006":[-180,"LCZ_T"],"475.200012, 0, 1056":[-90,"EZ_L"],"897.599976, 0, 739.200012":[-90,"HCZ_T"],"686.400024, 0, 422.399994":[-90,"LCZ_I"],"739.200012, 0, 950.400024":[-180,"HCZ_T"]}
