{"686.400024, 0, 316.799988":[0,"LCZ_I"],"897.599976, 0, 316.799988":[-90,"LCZ_X"],"1056, 0, 844.799988":[90,"HCZ_L"],"686.400024, 0, 897.599976":[90,"HCZ_I"],"739.200012, 0, 316.799988":[90,"LCZ_X"],"580.799988, 0, 475.200012":[180,"LCZ_Armory"],"739.200012, 0, 211.199997":[90,"LCZ_L"],"1003.20001, 0, 105.599998":[90,"LCZElevator2"],"264, 0, 1056":[-90,"EZ_L"],"897.599976, 0, 844.799988":[180,"HCZ_I"],"264, 0, 844.799988":[0,"EZ_T"],"686.400024, 0, 633.599976":[180,"SCP-079"],"792, 0, 211.199997":[0,"LCZ_I"],"792, 0, 633.599976":[0,"HCZ_I"],"1003.20001, 0, 633.599976":[0,"SCP-096"],"264, 0, 633.599976":[180,"EZ_T"],"211.199997, 0, 1056":[0,"EZ_I"],"211.199997, 0, 792":[0,"EZ_T"],"792, 0, 897.599976":[90,"HCZ_I"],"739.200012, 0, 158.399994":[90,"LCZ_X"],"158.399994, 0, 1056":[180,"EZ_L"],"633.599976, 0, 158.399994":[180,"LCZ_PC"],"739.200012, 0, 844.799988":[0,"HCZ_L"],"422.399994, 0, 792":[0,"EZ_I"],"844.799988, 0, 686.400024":[180,"HCZ_T"],"897.599976, 0, 158.399994":[-90,"LCZ_L"],"792, 0, 792":[0,"HCZ_I"],"686.400024, 0, 1003.20001":[-90,"HCZ_L"],"105.599998, 0, 633.599976":[-180,"Gate"],"52.7999992, 0, 739.200012":[90,"EZ_L"],"580.799988, 0, 792":[0,"Checkpoint"],"739.200012, 0, 369.600006":[90,"LCZ_I"],"739.200012, 0, 792":[-90,"HCZ_X"],"844.799988, 0, 264":[180,"LCZ_L"],"475.200012, 0, 950.400024":[0,"EZ_L"],"528, 0, 792":[0,"EZ_I"],"739.200012, 0, 739.200012":[90,"HCZ_I"],"1056, 0, 792":[0,"HCZElevator1"],"633.599976, 0, 792":[0,"HCZ_I"],"633.599976, 0, 950.400024":[180,"HCZ_Armory"],"844.799988, 0, 316.799988":[0,"LCZ_I"],"264, 0, 792":[90,"EZ_X"],"792, 0, 264":[0,"LCZ_I"],"316.799988, 0, 792":[0,"EZ_I"],"316.799988, 0, 897.599976":[90,"EZ_I"],"844.799988, 0, 950.400024":[-90,"HCZ_T"],"897.599976, 0, 422.399994":[90,"LCZ_WC"],"105.599998, 0, 844.799988":[0,"EZ_T"],"686.400024, 0, 844.799988":[180,"HCZ_T"],"897.599976, 0, 950.400024":[0,"HCZ_I"],"739.200012, 0, 1003.20001":[0,"HCZ_I"],"844.799988, 0, 475.200012":[180,"LCZ_I"],"739.200012, 0, 950.400024":[0,"HCZ_I"],"844.799988, 0, 211.199997":[-90,"LCZ_L"],"158.399994, 0, 1003.20001":[0,"EZ_L"],"1003.20001, 0, 792":[180,"HCZ_I"],"264, 0, 1003.20001":[-90,"EZ_T"],"158.399994, 0, 633.599976":[0,"EZ_I"],"1056, 0, 897.599976":[0,"HCZ_L"],"211.199997, 0, 844.799988":[0,"EZ_I"],"1003.20001, 0, 897.599976":[180,"HCZ_I"],"950.400024, 0, 792":[180,"HCZ_T"],"950.400024, 0, 633.599976":[90,"HCZ_T"],"792, 0, 316.799988":[0,"LCZ_I"],"897.599976, 0, 475.200012":[-90,"LCZ_T"],"844.799988, 0, 158.399994":[180,"LCZ_I"],"792, 0, 158.399994":[90,"LCZ_GH"],"1003.20001, 0, 158.399994":[-90,"LCZ_I"],"950.400024, 0, 475.200012":[0,"SCP-914"],"316.799988, 0, 633.599976":[0,"EZ_I"],"369.600006, 0, 844.799988":[-90,"EZ_L"],"211.199997, 0, 686.400024":[90,"EZ_I"],"897.599976, 0, 369.600006":[90,"LCZ_I"],"264, 0, 739.200012":[90,"EZ_T"],"844.799988, 0, 844.799988":[90,"HCZ_X"],"211.199997, 0, 633.599976":[180,"EZ_T"],"211.199997, 0, 739.200012":[90,"EZ_X"],"739.200012, 0, 528":[-90,"SCP-372"],"105.599998, 0, 739.200012":[180,"EZ_T"],"264, 0, 686.400024":[90,"EZ_I"],"1003.20001, 0, 316.799988":[0,"LCZElevator1"],"950.400024, 0, 739.200012":[90,"HCZ_I"],"844.799988, 0, 580.799988":[90,"HCZElevator2"],"369.600006, 0, 792":[0,"EZ_X"],"844.799988, 0, 792":[0,"HCZ_T"],"950.400024, 0, 316.799988":[180,"LCZ_I"],"739.200012, 0, 105.599998":[90,"CDC"],"158.399994, 0, 844.799988":[0,"EZ_I"],"739.200012, 0, 422.399994":[90,"LCZ_I"],"686.400024, 0, 950.400024":[90,"HCZ_X"],"792, 0, 739.200012":[-90,"HCZ_L"],"105.599998, 0, 1003.20001":[-180,"Gate"],"475.200012, 0, 792":[0,"EZ_I"],"633.599976, 0, 316.799988":[180,"SCP-173"],"528, 0, 1003.20001":[0,"EZ_Armory"],"897.599976, 0, 633.599976":[180,"HCZ_I"],"844.799988, 0, 739.200012":[0,"HCZ_T"],"897.599976, 0, 264":[90,"LCZ_I"],"686.400024, 0, 158.399994":[0,"LCZ_I"],"158.399994, 0, 739.200012":[180,"EZ_I"],"686.400024, 0, 792":[90,"HCZ_T"],"369.600006, 0, 950.400024":[0,"EZ_I"],"844.799988, 0, 897.599976":[180,"SCP-049"],"369.600006, 0, 633.599976":[0,"EZ_L"],"369.600006, 0, 686.400024":[-90,"EZ_I"],"633.599976, 0, 475.200012":[180,"LCZ_I"],"264, 0, 950.400024":[90,"EZ_L"],"792, 0, 686.400024":[90,"HCZ_L"],"844.799988, 0, 633.599976":[90,"HCZ_X"],"1003.20001, 0, 211.199997":[180,"LCZ_L"],"739.200012, 0, 475.200012":[180,"LCZ_X"],"475.200012, 0, 1003.20001":[0,"EZ_T"],"950.400024, 0, 897.599976":[180,"HCZ_T"],"422.399994, 0, 1003.20001":[0,"EZ_I"],"52.7999992, 0, 792":[-90,"EZ_T"],"158.399994, 0, 792":[0,"EZ_I"],"792, 0, 1003.20001":[0,"HCZ_L"],"105.599998, 0, 792":[90,"EZ_X"],"950.400024, 0, 211.199997":[180,"LCZ_I"],"1003.20001, 0, 844.799988":[180,"HCZ_I"],"897.599976, 0, 211.199997":[180,"LCZ_T"],"369.600006, 0, 1003.20001":[0,"EZ_I"],"897.599976, 0, 686.400024":[0,"HCZ_I"],"739.200012, 0, 264":[0,"LCZ_L"],"316.799988, 0, 950.400024":[0,"EZ_T"],"950.400024, 0, 844.799988":[90,"HCZ_X"],"316.799988, 0, 1003.20001":[0,"EZ_I"],"739.200012, 0, 686.400024":[180,"HCZ_T"],"792, 0, 475.200012":[180,"LCZ_I"],"792, 0, 950.400024":[90,"HCZ_X"],"739.200012, 0, 633.599976":[90,"HCZ_T"],"52.7999992, 0, 844.799988":[180,"EZ_L"],"792, 0, 844.799988":[180,"HCZ_L"],"422.399994, 0, 950.400024":[0,"EZ_I"],"950.400024, 0, 950.400024":[-90,"HCZ_T"],"1003.20001, 0, 950.400024":[0,"SCP-106"],"950.400024, 0, 686.400024":[0,"HCZ_T"],"316.799988, 0, 844.799988":[180,"EZ_T"],"369.600006, 0, 739.200012":[-90,"EZ_I"],"686.400024, 0, 475.200012":[180,"LCZ_I"]}
