{"897.599976, 0, 1056":[-90,"SCP-079"],"52.7999992, 0, 739.200012":[180,"Gate"],"316.799988, 0, 792":[0,"EZ_T"],"686.400024, 0, 897.599976":[0,"HCZ_I"],"844.799988, 0, 528":[0,"LCZ_I"],"739.200012, 0, 316.799988":[180,"SCP-914"],"211.199997, 0, 686.400024":[180,"EZ_I"],"739.200012, 0, 211.199997":[0,"LCZ_I"],"633.599976, 0, 739.200012":[90,"HCZ_I"],"739.200012, 0, 844.799988":[90,"HCZ_I"],"844.799988, 0, 475.200012":[180,"LCZ_L"],"633.599976, 0, 1003.20001":[180,"HCZ_I"],"844.799988, 0, 369.600006":[0,"SCP-372"],"633.599976, 0, 475.200012":[180,"LCZElevator1"],"580.799988, 0, 1003.20001":[180,"HCZElevator2"],"475.200012, 0, 686.400024":[180,"EZ_T"],"211.199997, 0, 739.200012":[90,"EZ_Armory"],"897.599976, 0, 1003.20001":[0,"HCZ_T"],"475.200012, 0, 792":[0,"EZ_T"],"844.799988, 0, 422.399994":[0,"LCZ_L"],"316.799988, 0, 686.400024":[180,"EZ_X"],"316.799988, 0, 633.599976":[-90,"EZ_I"],"792, 0, 475.200012":[90,"LCZ_L"],"844.799988, 0, 1003.20001":[180,"HCZ_I"],"316.799988, 0, 580.799988":[0,"EZ_L"],"264, 0, 686.400024":[180,"EZ_I"],"792, 0, 264":[-90,"LCZ_I"],"897.599976, 0, 316.799988":[-90,"LCZ_L"],"897.599976, 0, 950.400024":[90,"SCP-106"],"897.599976, 0, 422.399994":[0,"LCZ_T"],"792, 0, 686.400024":[180,"HCZ_T"],"369.600006, 0, 686.400024":[180,"EZ_I"],"897.599976, 0, 528":[-90,"LCZ_T"],"792, 0, 792":[90,"HCZ_I"],"422.399994, 0, 686.400024":[180,"EZ_I"],"158.399994, 0, 739.200012":[90,"EZ_T"],"950.400024, 0, 528":[0,"SCP-173"],"158.399994, 0, 686.400024":[90,"EZ_L"],"897.599976, 0, 369.600006":[90,"LCZ_I"],"686.400024, 0, 422.399994":[-90,"LCZ_WC"],"264, 0, 580.799988":[180,"Gate"],"686.400024, 0, 369.600006":[180,"LCZ_X"],"686.400024, 0, 475.200012":[-90,"LCZ_T"],"633.599976, 0, 369.600006":[180,"LCZElevator2"],"580.799988, 0, 686.400024":[0,"HCZ_I"],"844.799988, 0, 686.400024":[0,"SCP-096"],"211.199997, 0, 792":[0,"EZ_T"],"792, 0, 369.600006":[90,"LCZ_T"],"739.200012, 0, 264":[0,"LCZ_Armory"],"792, 0, 1003.20001":[180,"HCZ_I"],"739.200012, 0, 792":[0,"HCZ_T"],"739.200012, 0, 686.400024":[0,"HCZ_T"],"686.400024, 0, 316.799988":[90,"LCZ_I"],"528, 0, 792":[180,"EZ_I"],"739.200012, 0, 950.400024":[-90,"HCZ_I"],"739.200012, 0, 739.200012":[-90,"HCZ_I"],"686.400024, 0, 792":[0,"HCZ_I"],"792, 0, 739.200012":[0,"SCP-049"],"369.600006, 0, 792":[180,"EZ_I"],"792, 0, 844.799988":[90,"HCZ_I"],"792, 0, 528":[0,"LCZ_I"],"264, 0, 792":[180,"EZ_I"],"633.599976, 0, 897.599976":[180,"HCZ_I"],"739.200012, 0, 897.599976":[90,"HCZ_X"],"792, 0, 633.599976":[90,"HCZ_L"],"739.200012, 0, 1056":[-90,"HCZ_Armory"],"844.799988, 0, 316.799988":[180,"LCZ_I"],"633.599976, 0, 792":[-90,"HCZ_T"],"633.599976, 0, 528":[180,"CDC"],"422.399994, 0, 792":[180,"EZ_I"],"792, 0, 422.399994":[90,"LCZ_I"],"686.400024, 0, 1003.20001":[0,"HCZ_I"],"158.399994, 0, 792":[180,"EZ_L"],"580.799988, 0, 792":[180,"Checkpoint"],"739.200012, 0, 1003.20001":[-90,"HCZ_X"],"686.400024, 0, 211.199997":[0,"LCZ_L"],"528, 0, 686.400024":[180,"Checkpoint"],"686.400024, 0, 528":[0,"LCZ_I"],"633.599976, 0, 264":[180,"LCZ_PC"],"739.200012, 0, 633.599976":[180,"HCZ_L"],"686.400024, 0, 686.400024":[0,"HCZ_I"],"105.599998, 0, 739.200012":[0,"EZ_I"],"633.599976, 0, 686.400024":[90,"HCZ_T"],"316.799988, 0, 739.200012":[-90,"EZ_I"],"739.200012, 0, 475.200012":[180,"LCZ_L"],"792, 0, 897.599976":[0,"HCZ_L"],"739.200012, 0, 528":[0,"LCZ_I"],"686.400024, 0, 264":[90,"LCZ_X"],"739.200012, 0, 422.399994":[180,"LCZ_GH"],"792, 0, 211.199997":[-90,"LCZ_L"],"475.200012, 0, 739.200012":[-90,"EZ_I"],"739.200012, 0, 369.600006":[90,"LCZ_T"],"580.799988, 0, 897.599976":[180,"HCZElevator1"],"897.599976, 0, 475.200012":[90,"LCZ_I"],"792, 0, 316.799988":[-90,"LCZ_T"]}
