{"844.799988, 0, 422.399994":[180,"LCZ_T"],"792, 0, 369.600006":[180,"LCZ_Armory"],"792, 0, 844.799988":[-90,"HCZ_L"],"1056, 0, 316.799988":[0,"CDC"],"739.200012, 0, 792":[90,"HCZ_T"],"844.799988, 0, 844.799988":[90,"HCZ_T"],"897.599976, 0, 369.600006":[180,"LCZ_PC"],"897.599976, 0, 264":[-90,"SCP-372"],"475.200012, 0, 950.400024":[180,"EZ_L"],"369.600006, 0, 844.799988":[0,"EZ_L"],"950.400024, 0, 369.600006":[0,"LCZ_T"],"211.199997, 0, 686.400024":[-180,"Gate"],"792, 0, 158.399994":[180,"LCZElevator2"],"792, 0, 316.799988":[180,"SCP-914"],"528, 0, 950.400024":[180,"EZ_I"],"897.599976, 0, 158.399994":[0,"LCZElevator1"],"950.400024, 0, 316.799988":[0,"LCZ_X"],"686.400024, 0, 950.400024":[90,"HCZ_T"],"844.799988, 0, 897.599976":[0,"HCZ_T"],"739.200012, 0, 844.799988":[0,"HCZ_T"],"897.599976, 0, 844.799988":[0,"HCZElevator1"],"844.799988, 0, 316.799988":[-90,"LCZ_X"],"633.599976, 0, 792":[180,"HCZElevator2"],"422.399994, 0, 897.599976":[0,"EZ_T"],"844.799988, 0, 264":[90,"LCZ_I"],"475.200012, 0, 792":[0,"EZ_L"],"369.600006, 0, 950.400024":[-90,"EZ_L"],"316.799988, 0, 950.400024":[-180,"Gate"],"633.599976, 0, 950.400024":[0,"HCZ_I"],"897.599976, 0, 211.199997":[90,"LCZ_T"],"686.400024, 0, 1003.20001":[-90,"SCP-106"],"369.600006, 0, 792":[0,"EZ_I"],"686.400024, 0, 792":[0,"HCZ_I"],"264, 0, 739.200012":[-90,"EZ_T"],"844.799988, 0, 158.399994":[90,"LCZ_T"],"475.200012, 0, 844.799988":[-90,"EZ_I"],"897.599976, 0, 316.799988":[-90,"LCZ_GH"],"897.599976, 0, 422.399994":[180,"LCZ_I"],"844.799988, 0, 1003.20001":[-90,"SCP-079"],"739.200012, 0, 897.599976":[90,"HCZ_I"],"264, 0, 792":[90,"EZ_I"],"1003.20001, 0, 316.799988":[180,"LCZ_I"],"422.399994, 0, 844.799988":[90,"EZ_Armory"],"950.400024, 0, 211.199997":[-90,"LCZ_L"],"316.799988, 0, 844.799988":[0,"EZ_I"],"739.200012, 0, 950.400024":[-90,"HCZ_T"],"580.799988, 0, 950.400024":[0,"Checkpoint"],"686.400024, 0, 844.799988":[180,"SCP-096"],"264, 0, 844.799988":[180,"EZ_L"],"316.799988, 0, 739.200012":[0,"EZ_L"],"950.400024, 0, 422.399994":[180,"LCZ_L"],"792, 0, 950.400024":[90,"SCP-049"],"369.600006, 0, 897.599976":[-90,"EZ_T"],"422.399994, 0, 792":[0,"EZ_I"],"950.400024, 0, 264":[-90,"LCZ_WC"],"844.799988, 0, 475.200012":[-90,"SCP-173"],"844.799988, 0, 211.199997":[180,"LCZ_T"],"316.799988, 0, 792":[180,"EZ_L"],"844.799988, 0, 950.400024":[0,"HCZ_T"],"792, 0, 792":[90,"HCZ_L"],"792, 0, 897.599976":[180,"HCZ_Armory"],"475.200012, 0, 897.599976":[90,"EZ_T"],"844.799988, 0, 369.600006":[0,"LCZ_T"],"264, 0, 686.400024":[0,"EZ_L"]}
