{"897.599976, 0, 316.799988":[0,"LCZ_Armory"],"844.799988, 0, 422.399994":[0,"LCZElevator2"],"633.599976, 0, 422.399994":[0,"LCZ_L"],"792, 0, 950.400024":[180,"HCZ_L"],"686.400024, 0, 897.599976":[-90,"SCP-106"],"792, 0, 897.599976":[-90,"HCZ_L"],"686.400024, 0, 264":[180,"LCZ_X"],"422.399994, 0, 633.599976":[0,"EZ_L"],"739.200012, 0, 316.799988":[-90,"LCZ_L"],"844.799988, 0, 792":[90,"HCZ_I"],"528, 0, 739.200012":[-90,"EZ_I"],"475.200012, 0, 686.400024":[180,"EZ_I"],"158.399994, 0, 897.599976":[-180,"Gate"],"739.200012, 0, 844.799988":[180,"HCZ_I"],"475.200012, 0, 792":[180,"EZ_L"],"844.799988, 0, 897.599976":[0,"HCZ_T"],"369.600006, 0, 950.400024":[0,"EZ_Armory"],"369.600006, 0, 844.799988":[180,"EZ_I"],"897.599976, 0, 211.199997":[90,"LCZ_L"],"633.599976, 0, 739.200012":[180,"HCZ_L"],"580.799988, 0, 897.599976":[0,"HCZ_T"],"792, 0, 158.399994":[90,"LCZ_GH"],"844.799988, 0, 158.399994":[90,"LCZ_T"],"264, 0, 950.400024":[0,"EZ_L"],"633.599976, 0, 475.200012":[-90,"SCP-372"],"633.599976, 0, 105.599998":[90,"LCZ_L"],"950.400024, 0, 211.199997":[0,"SCP-173"],"792, 0, 1003.20001":[-90,"HCZ_T"],"844.799988, 0, 739.200012":[0,"HCZ_T"],"633.599976, 0, 844.799988":[180,"HCZ_I"],"316.799988, 0, 739.200012":[90,"EZ_L"],"580.799988, 0, 950.400024":[90,"HCZ_I"],"792, 0, 369.600006":[90,"LCZ_T"],"686.400024, 0, 844.799988":[90,"HCZ_X"],"211.199997, 0, 950.400024":[180,"EZ_L"],"897.599976, 0, 844.799988":[0,"HCZElevator2"],"580.799988, 0, 1003.20001":[-90,"HCZ_L"],"739.200012, 0, 158.399994":[-90,"LCZ_T"],"739.200012, 0, 264":[0,"LCZ_I"],"475.200012, 0, 897.599976":[0,"EZ_I"],"528, 0, 686.400024":[0,"EZ_L"],"686.400024, 0, 739.200012":[90,"HCZ_X"],"264, 0, 1003.20001":[180,"EZ_L"],"264, 0, 844.799988":[0,"EZ_I"],"844.799988, 0, 211.199997":[-90,"LCZ_I"],"739.200012, 0, 950.400024":[90,"HCZElevator1"],"686.400024, 0, 422.399994":[0,"LCZ_I"],"792, 0, 844.799988":[0,"HCZ_T"],"316.799988, 0, 1003.20001":[-90,"EZ_L"],"475.200012, 0, 739.200012":[0,"EZ_L"],"739.200012, 0, 369.600006":[0,"LCZ_X"],"422.399994, 0, 897.599976":[180,"EZ_L"],"739.200012, 0, 1003.20001":[-90,"HCZ_T"],"686.400024, 0, 211.199997":[90,"LCZ_I"],"686.400024, 0, 105.599998":[-90,"LCZ_L"],"633.599976, 0, 1056":[-90,"HCZ_L"],"686.400024, 0, 158.399994":[180,"LCZ_T"],"792, 0, 739.200012":[90,"HCZ_T"],"686.400024, 0, 792":[90,"HCZ_I"],"580.799988, 0, 792":[180,"Checkpoint"],"844.799988, 0, 264":[0,"LCZ_T"],"739.200012, 0, 739.200012":[0,"HCZ_I"],"422.399994, 0, 686.400024":[-90,"EZ_T"],"844.799988, 0, 316.799988":[180,"LCZ_T"],"633.599976, 0, 792":[0,"HCZ_L"],"528, 0, 897.599976":[180,"Checkpoint"],"844.799988, 0, 1056":[-90,"SCP-096"],"316.799988, 0, 897.599976":[90,"EZ_I"],"316.799988, 0, 792":[90,"EZ_I"],"211.199997, 0, 897.599976":[90,"EZ_T"],"792, 0, 264":[180,"LCZ_WC"],"422.399994, 0, 844.799988":[0,"EZ_L"],"316.799988, 0, 950.400024":[-90,"EZ_T"],"686.400024, 0, 686.400024":[90,"SCP-079"],"369.600006, 0, 633.599976":[-180,"Gate"],"739.200012, 0, 105.599998":[90,"CDC"],"739.200012, 0, 422.399994":[180,"LCZ_L"],"686.400024, 0, 1003.20001":[180,"HCZ_L"],"633.599976, 0, 264":[180,"LCZ_PC"],"792, 0, 422.399994":[90,"LCZ_L"],"686.400024, 0, 316.799988":[90,"LCZ_L"],"528, 0, 792":[0,"EZ_T"],"211.199997, 0, 844.799988":[90,"EZ_L"],"897.599976, 0, 158.399994":[-90,"LCZ_L"],"844.799988, 0, 686.400024":[90,"HCZ_Armory"],"792, 0, 792":[0,"SCP-049"],"580.799988, 0, 844.799988":[180,"HCZ_L"],"844.799988, 0, 950.400024":[0,"HCZ_L"],"633.599976, 0, 52.7999992":[90,"LCZElevator1"],"844.799988, 0, 1003.20001":[90,"HCZ_L"],"844.799988, 0, 844.799988":[180,"HCZ_T"],"316.799988, 0, 844.799988":[180,"EZ_X"],"686.400024, 0, 369.600006":[180,"SCP-914"],"844.799988, 0, 369.600006":[180,"LCZ_L"],"633.599976, 0, 1003.20001":[90,"HCZ_L"],"422.399994, 0, 739.200012":[0,"EZ_T"],"369.600006, 0, 739.200012":[180,"EZ_I"],"686.400024, 0, 1056":[0,"HCZ_L"]}
