{"844.799988, 0, 264":[0,"LCZ_T"],"792, 0, 264":[-180,"LCZElevator2"],"844.799988, 0, 105.599998":[0,"LCZ_L"],"528, 0, 580.799988":[-180,"Checkpoint"],"844.799988, 0, 369.600006":[90,"LCZ_I"],"739.200012, 0, 369.600006":[90,"SCP-173"],"422.399994, 0, 739.200012":[0,"EZ_I"],"950.400024, 0, 158.399994":[-180,"LCZ_T"],"369.600006, 0, 897.599976":[180,"EZ_X"],"369.600006, 0, 686.400024":[90,"EZ_I"],"633.599976, 0, 105.599998":[0,"LCZ_I"],"1003.20001, 0, 422.399994":[0,"LCZElevator1"],"897.599976, 0, 844.799988":[180,"SCP-106"],"264, 0, 633.599976":[-90,"EZ_L"],"264, 0, 580.799988":[90,"EZ_L"],"580.799988, 0, 105.599998":[0,"LCZ_L"],"211.199997, 0, 792":[-90,"EZ_I"],"1056, 0, 1003.20001":[0,"HCZElevator1"],"211.199997, 0, 739.200012":[-90,"EZ_T"],"475.200012, 0, 844.799988":[-90,"EZ_I"],"369.600006, 0, 844.799988":[90,"EZ_I"],"369.600006, 0, 580.799988":[180,"EZ_T"],"897.599976, 0, 686.400024":[-90,"HCZ_T"],"844.799988, 0, 422.399994":[-90,"LCZ_T"],"211.199997, 0, 633.599976":[90,"EZ_L"],"686.400024, 0, 158.399994":[-90,"LCZ_T"],"158.399994, 0, 686.400024":[180,"EZ_I"],"739.200012, 0, 844.799988":[-90,"HCZ_I"],"633.599976, 0, 158.399994":[-180,"SCP-914"],"475.200012, 0, 580.799988":[0,"EZ_I"],"897.599976, 0, 422.399994":[-90,"LCZ_GH"],"475.200012, 0, 897.599976":[-90,"EZ_L"],"580.799988, 0, 211.199997":[90,"LCZ_I"],"844.799988, 0, 211.199997":[90,"LCZ_I"],"686.400024, 0, 422.399994":[-180,"LCZ_I"],"950.400024, 0, 739.200012":[-180,"HCZ_I"],"897.599976, 0, 739.200012":[-180,"HCZElevator2"],"739.200012, 0, 792":[0,"HCZ_T"],"528, 0, 792":[0,"EZ_Armory"],"739.200012, 0, 739.200012":[180,"HCZ_T"],"897.599976, 0, 158.399994":[0,"SCP-372"],"844.799988, 0, 686.400024":[-180,"HCZ_I"],"633.599976, 0, 316.799988":[-90,"LCZ_I"],"475.200012, 0, 792":[-90,"EZ_T"],"633.599976, 0, 369.600006":[-90,"LCZ_I"],"633.599976, 0, 792":[-180,"HCZ_L"],"211.199997, 0, 1003.20001":[-90,"EZ_L"],"633.599976, 0, 950.400024":[-90,"HCZ_I"],"844.799988, 0, 316.799988":[90,"LCZ_I"],"633.599976, 0, 1003.20001":[-90,"HCZ_T"],"580.799988, 0, 633.599976":[-90,"HCZ_L"],"633.599976, 0, 422.399994":[-180,"LCZ_T"],"792, 0, 950.400024":[0,"SCP-049"],"950.400024, 0, 105.599998":[-90,"LCZ_L"],"580.799988, 0, 264":[90,"LCZ_L"],"1003.20001, 0, 1003.20001":[-90,"HCZ_L"],"316.799988, 0, 897.599976":[0,"EZ_I"],"316.799988, 0, 739.200012":[0,"EZ_I"],"633.599976, 0, 633.599976":[90,"HCZ_L"],"686.400024, 0, 105.599998":[-90,"LCZ_L"],"633.599976, 0, 686.400024":[-90,"HCZ_L"],"422.399994, 0, 897.599976":[0,"EZ_I"],"739.200012, 0, 1003.20001":[-180,"HCZ_I"],"792, 0, 897.599976":[90,"HCZ_L"],"580.799988, 0, 580.799988":[90,"HCZ_L"],"950.400024, 0, 369.600006":[90,"LCZ_I"],"211.199997, 0, 686.400024":[90,"EZ_T"],"897.599976, 0, 1003.20001":[0,"HCZ_I"],"1003.20001, 0, 792":[0,"HCZ_T"],"211.199997, 0, 844.799988":[-90,"EZ_I"],"950.400024, 0, 264":[90,"LCZ_I"],"1003.20001, 0, 897.599976":[0,"HCZ_T"],"950.400024, 0, 792":[180,"HCZ_L"],"950.400024, 0, 633.599976":[-180,"HCZ_L"],"633.599976, 0, 844.799988":[-90,"HCZ_I"],"633.599976, 0, 475.200012":[-90,"LCZ_PC"],"950.400024, 0, 1003.20001":[0,"HCZ_L"],"897.599976, 0, 897.599976":[-180,"SCP-079"],"792, 0, 686.400024":[180,"HCZ_I"],"1003.20001, 0, 686.400024":[90,"HCZ_I"],"475.200012, 0, 739.200012":[0,"EZ_L"],"633.599976, 0, 211.199997":[90,"LCZ_Armory"],"369.600006, 0, 950.400024":[90,"EZ_I"],"1003.20001, 0, 633.599976":[90,"HCZ_L"],"1003.20001, 0, 158.399994":[-180,"LCZ_L"],"844.799988, 0, 158.399994":[-180,"LCZ_X"],"792, 0, 158.399994":[-180,"LCZ_WC"],"580.799988, 0, 1003.20001":[0,"HCZ_I"],"686.400024, 0, 1003.20001":[-180,"HCZ_I"],"633.599976, 0, 264":[0,"LCZ_T"],"950.400024, 0, 422.399994":[-90,"LCZ_T"],"211.199997, 0, 897.599976":[-90,"EZ_T"],"316.799988, 0, 580.799988":[0,"EZ_I"],"264, 0, 739.200012":[0,"EZ_I"],"739.200012, 0, 686.400024":[90,"HCZ_T"],"897.599976, 0, 105.599998":[-180,"LCZ_I"],"528, 0, 1003.20001":[-180,"Checkpoint"],"369.600006, 0, 792":[90,"EZ_I"],"686.400024, 0, 792":[-180,"HCZ_I"],"105.599998, 0, 686.400024":[180,"Gate"],"633.599976, 0, 897.599976":[-90,"HCZ_I"],"369.600006, 0, 739.200012":[90,"EZ_X"],"369.600006, 0, 1003.20001":[180,"EZ_L"],"580.799988, 0, 158.399994":[90,"LCZ_I"],"422.399994, 0, 1003.20001":[180,"EZ_I"],"950.400024, 0, 897.599976":[0,"HCZ_I"],"950.400024, 0, 844.799988":[0,"HCZ_L"],"897.599976, 0, 633.599976":[90,"SCP-096"],"792, 0, 739.200012":[0,"HCZ_Armory"],"105.599998, 0, 1003.20001":[180,"Gate"],"792, 0, 422.399994":[-180,"LCZ_I"],"739.200012, 0, 158.399994":[-180,"LCZ_I"],"422.399994, 0, 580.799988":[0,"EZ_I"],"1003.20001, 0, 105.599998":[90,"CDC"],"686.400024, 0, 686.400024":[180,"HCZ_I"],"844.799988, 0, 1003.20001":[0,"HCZ_I"],"739.200012, 0, 422.399994":[-90,"LCZ_T"],"369.600006, 0, 633.599976":[90,"EZ_I"],"475.200012, 0, 1003.20001":[180,"EZ_I"],"211.199997, 0, 950.400024":[-90,"EZ_I"],"950.400024, 0, 316.799988":[90,"LCZ_I"],"739.200012, 0, 897.599976":[-90,"HCZ_L"],"792, 0, 1003.20001":[-90,"HCZ_T"],"950.400024, 0, 211.199997":[90,"LCZ_I"],"1003.20001, 0, 739.200012":[0,"HCZ_T"],"1003.20001, 0, 844.799988":[-90,"HCZ_I"],"264, 0, 897.599976":[0,"EZ_I"],"950.400024, 0, 950.400024":[-180,"HCZ_L"],"1003.20001, 0, 950.400024":[0,"HCZ_T"],"950.400024, 0, 686.400024":[0,"HCZ_L"],"158.399994, 0, 1003.20001":[0,"EZ_I"]}
