{"950.400024, 0, 897.599976":[90,"HCZ_I"],"1056, 0, 316.799988":[0,"LCZElevator1"],"686.400024, 0, 897.599976":[-90,"HCZ_I"],"580.799988, 0, 422.399994":[-180,"SCP-914"],"950.400024, 0, 158.399994":[-180,"LCZ_L"],"580.799988, 0, 316.799988":[-180,"LCZ_Armory"],"528, 0, 739.200012":[-90,"EZ_I"],"739.200012, 0, 369.600006":[-90,"LCZ_I"],"211.199997, 0, 1003.20001":[-180,"EZ_I"],"792, 0, 580.799988":[90,"HCZ_L"],"739.200012, 0, 580.799988":[-180,"HCZ_L"],"739.200012, 0, 52.7999992":[90,"SCP-372"],"792, 0, 211.199997":[0,"LCZ_I"],"792, 0, 1003.20001":[0,"HCZ_I"],"633.599976, 0, 422.399994":[0,"LCZ_T"],"897.599976, 0, 1003.20001":[0,"HCZ_I"],"897.599976, 0, 580.799988":[90,"HCZ_Armory"],"739.200012, 0, 211.199997":[-180,"LCZ_T"],"686.400024, 0, 739.200012":[0,"NUKE_ROOM"],"633.599976, 0, 158.399994":[-180,"LCZ_T"],"844.799988, 0, 211.199997":[0,"LCZ_I"],"897.599976, 0, 422.399994":[90,"LCZ_I"],"739.200012, 0, 158.399994":[0,"LCZ_T"],"633.599976, 0, 105.599998":[0,"LCZ_T"],"211.199997, 0, 844.799988":[0,"EZ_I"],"633.599976, 0, 686.400024":[-180,"HCZ_T"],"158.399994, 0, 739.200012":[-90,"EZ_L"],"158.399994, 0, 686.400024":[-90,"EZ_T"],"950.400024, 0, 950.400024":[-180,"HCZ_T"],"844.799988, 0, 475.200012":[0,"LCZ_I"],"580.799988, 0, 844.799988":[-180,"Checkpoint"],"633.599976, 0, 1003.20001":[-90,"HCZ_L"],"105.599998, 0, 633.599976":[0,"EZ_I"],"264, 0, 792":[90,"EZ_I"],"52.7999992, 0, 633.599976":[180,"Gate"],"158.399994, 0, 950.400024":[90,"EZ_I"],"950.400024, 0, 739.200012":[-90,"HCZ_I"],"633.599976, 0, 844.799988":[90,"HCZ_X"],"792, 0, 316.799988":[-180,"LCZ_Airlock"],"633.599976, 0, 633.599976":[-90,"HCZ_I"],"633.599976, 0, 739.200012":[-180,"HCZ_T"],"792, 0, 844.799988":[-180,"HCZ_I"],"369.600006, 0, 792":[90,"EZ_I"],"633.599976, 0, 792":[90,"Tesla"],"844.799988, 0, 686.400024":[90,"HCZ_T"],"739.200012, 0, 316.799988":[-180,"LCZ_X"],"844.799988, 0, 316.799988":[-180,"LCZ_Airlock"],"158.399994, 0, 633.599976":[-180,"EZ_T"],"739.200012, 0, 422.399994":[-90,"LCZ_I"],"739.200012, 0, 792":[90,"HCZ_I"],"897.599976, 0, 844.799988":[0,"Tesla"],"264, 0, 1003.20001":[0,"EZ_T"],"369.600006, 0, 950.400024":[-90,"EZ_I"],"950.400024, 0, 1056":[-90,"SCP-079"],"105.599998, 0, 844.799988":[-180,"EZ_L"],"528, 0, 633.599976":[-90,"EZ_I"],"844.799988, 0, 844.799988":[90,"HCZ_X"],"897.599976, 0, 686.400024":[-90,"HCZ_T"],"633.599976, 0, 580.799988":[90,"HCZElevator2"],"264, 0, 686.400024":[-180,"EZ_T"],"158.399994, 0, 1003.20001":[0,"EZ_T"],"950.400024, 0, 105.599998":[90,"CDC"],"897.599976, 0, 475.200012":[-90,"LCZ_T"],"475.200012, 0, 844.799988":[0,"EZ_I"],"1056, 0, 950.400024":[0,"SCP-106"],"792, 0, 633.599976":[90,"HCZ_I"],"950.400024, 0, 475.200012":[-180,"LCZ_I"],"264, 0, 950.400024":[-90,"EZ_I"],"739.200012, 0, 1003.20001":[0,"HCZ_I"],"897.599976, 0, 211.199997":[0,"LCZ_T"],"792, 0, 686.400024":[-90,"HCZ_T"],"844.799988, 0, 1003.20001":[-90,"HCZ_T"],"686.400024, 0, 158.399994":[0,"LCZ_I"],"528, 0, 686.400024":[90,"EZ_T"],"739.200012, 0, 739.200012":[90,"HCZ_I"],"633.599976, 0, 211.199997":[-90,"LCZ_I"],"950.400024, 0, 1003.20001":[0,"HCZ_T"],"211.199997, 0, 686.400024":[0,"EZ_T"],"739.200012, 0, 264":[-90,"LCZ_I"],"686.400024, 0, 316.799988":[-180,"LCZ_I"],"897.599976, 0, 633.599976":[-90,"HCZ_I"],"739.200012, 0, 844.799988":[-90,"HCZ_T"],"897.599976, 0, 369.600006":[90,"LCZ_I"],"844.799988, 0, 950.400024":[90,"HCZ_I"],"950.400024, 0, 844.799988":[0,"HCZ_X"],"422.399994, 0, 686.400024":[0,"EZ_I"],"264, 0, 739.200012":[90,"EZ_I"],"950.400024, 0, 316.799988":[-90,"LCZ_GH"],"264, 0, 844.799988":[-90,"EZ_X"],"844.799988, 0, 792":[90,"HCZ_I"],"105.599998, 0, 792":[90,"EZ_I"],"316.799988, 0, 844.799988":[0,"EZ_I"],"686.400024, 0, 950.400024":[-90,"HCZ_I"],"369.600006, 0, 844.799988":[90,"EZ_X"],"211.199997, 0, 633.599976":[0,"EZ_L"],"686.400024, 0, 844.799988":[90,"HCZ_T"],"105.599998, 0, 1003.20001":[0,"EZ_I"],"633.599976, 0, 316.799988":[90,"LCZ_X"],"422.399994, 0, 1003.20001":[-90,"EZ_L"],"158.399994, 0, 897.599976":[90,"EZ_I"],"633.599976, 0, 369.600006":[-90,"LCZ_I"],"369.600006, 0, 897.599976":[-90,"EZ_I"],"1003.20001, 0, 316.799988":[-180,"LCZ_I"],"950.400024, 0, 686.400024":[90,"HCZ_T"],"686.400024, 0, 475.200012":[0,"LCZ_I"],"1003.20001, 0, 844.799988":[0,"Tesla"],"422.399994, 0, 950.400024":[-90,"EZ_I"],"633.599976, 0, 897.599976":[-90,"HCZ_I"],"686.400024, 0, 1003.20001":[-90,"HCZ_T"],"369.600006, 0, 1003.20001":[0,"EZ_T"],"158.399994, 0, 844.799988":[-180,"EZ_T"],"633.599976, 0, 950.400024":[-90,"HCZ_I"],"844.799988, 0, 897.599976":[90,"HCZ_I"],"844.799988, 0, 739.200012":[90,"HCZ_I"],"422.399994, 0, 897.599976":[-90,"EZ_I"],"633.599976, 0, 52.7999992":[90,"LCZElevator2"],"897.599976, 0, 264":[90,"LCZ_I"],"633.599976, 0, 475.200012":[90,"LCZ_L"],"739.200012, 0, 686.400024":[0,"HCZ_X"],"316.799988, 0, 1003.20001":[-180,"EZ_I"],"264, 0, 897.599976":[-90,"EZ_I"],"580.799988, 0, 105.599998":[-180,"SCP-173"],"739.200012, 0, 475.200012":[-90,"LCZ_T"],"528, 0, 844.799988":[0,"EZ_T"],"475.200012, 0, 686.400024":[0,"EZ_I"],"316.799988, 0, 686.400024":[0,"EZ_I"],"105.599998, 0, 739.200012":[90,"EZ_L"],"792, 0, 475.200012":[-180,"LCZ_WC"],"422.399994, 0, 844.799988":[-180,"EZ_T"],"739.200012, 0, 105.599998":[-90,"LCZ_I"],"1056, 0, 686.400024":[0,"SCP-096"],"1003.20001, 0, 686.400024":[-180,"HCZ_I"],"950.400024, 0, 792":[-90,"HCZ_I"],"1056, 0, 475.200012":[0,"LCZ_PC"],"1003.20001, 0, 475.200012":[-180,"LCZ_I"],"369.600006, 0, 686.400024":[-180,"EZ_T"],"633.599976, 0, 264":[-90,"LCZ_I"],"1056, 0, 844.799988":[0,"HCZElevator1"],"1003.20001, 0, 950.400024":[-180,"HCZ_I"],"528, 0, 580.799988":[90,"EZ_Armory"],"739.200012, 0, 633.599976":[0,"SCP-049"],"897.599976, 0, 316.799988":[90,"LCZ_X"],"369.600006, 0, 739.200012":[90,"EZ_I"],"686.400024, 0, 686.400024":[0,"HCZ_I"],"897.599976, 0, 158.399994":[0,"LCZ_L"],"528, 0, 792":[-90,"EZ_I"],"52.7999992, 0, 1003.20001":[180,"Gate"]}
