{"950.400024, 0, 792":[0,"SCP-049"],"792, 0, 316.799988":[-90,"CDC"],"950.400024, 0, 369.600006":[0,"LCZ_T"],"686.400024, 0, 897.599976":[0,"HCZ_I"],"633.599976, 0, 897.599976":[-180,"HCZ_T"],"633.599976, 0, 422.399994":[-180,"LCZ_T"],"633.599976, 0, 475.200012":[-90,"SCP-173"],"580.799988, 0, 950.400024":[0,"Checkpoint"],"211.199997, 0, 792":[-90,"EZ_T"],"580.799988, 0, 686.400024":[0,"Checkpoint"],"528, 0, 950.400024":[0,"EZ_T"],"422.399994, 0, 950.400024":[0,"EZ_I"],"950.400024, 0, 897.599976":[0,"HCZ_L"],"792, 0, 211.199997":[-90,"LCZ_I"],"369.600006, 0, 897.599976":[90,"EZ_I"],"264, 0, 792":[-180,"EZ_I"],"633.599976, 0, 686.400024":[90,"HCZ_L"],"792, 0, 1003.20001":[-90,"HCZElevator1"],"844.799988, 0, 739.200012":[0,"HCZ_I"],"792, 0, 897.599976":[90,"HCZ_X"],"950.400024, 0, 264":[-90,"LCZ_L"],"739.200012, 0, 844.799988":[90,"SCP-096"],"686.400024, 0, 316.799988":[0,"LCZ_Armory"],"844.799988, 0, 422.399994":[-180,"LCZ_I"],"792, 0, 844.799988":[-180,"HCZ_T"],"633.599976, 0, 739.200012":[-180,"HCZ_T"],"369.600006, 0, 844.799988":[-90,"EZ_T"],"792, 0, 158.399994":[0,"LCZ_X"],"792, 0, 264":[0,"LCZ_X"],"897.599976, 0, 422.399994":[0,"LCZ_I"],"211.199997, 0, 686.400024":[-90,"EZ_T"],"739.200012, 0, 264":[-180,"LCZ_I"],"739.200012, 0, 158.399994":[-180,"LCZ_I"],"792, 0, 950.400024":[-90,"HCZ_I"],"211.199997, 0, 897.599976":[90,"EZ_T"],"686.400024, 0, 422.399994":[-180,"LCZ_I"],"950.400024, 0, 739.200012":[90,"HCZ_L"],"633.599976, 0, 844.799988":[-90,"HCZ_I"],"897.599976, 0, 739.200012":[-90,"HCZ_T"],"1003.20001, 0, 844.799988":[0,"NUKE_ROOM"],"369.600006, 0, 792":[-90,"EZ_X"],"633.599976, 0, 792":[-90,"HCZ_I"],"950.400024, 0, 316.799988":[-180,"LCZ_GH"],"105.599998, 0, 897.599976":[180,"Gate"],"158.399994, 0, 897.599976":[0,"EZ_I"],"633.599976, 0, 369.600006":[90,"LCZ_I"],"633.599976, 0, 316.799988":[-180,"LCZ_T"],"792, 0, 792":[-90,"HCZ_I"],"316.799988, 0, 792":[-180,"EZ_I"],"792, 0, 105.599998":[90,"LCZElevator2"],"897.599976, 0, 264":[0,"LCZ_I"],"316.799988, 0, 950.400024":[0,"EZ_I"],"792, 0, 633.599976":[90,"HCZElevator2"],"211.199997, 0, 950.400024":[-180,"EZ_L"],"739.200012, 0, 211.199997":[0,"LCZ_PC"],"686.400024, 0, 739.200012":[-180,"HCZ_I"],"844.799988, 0, 897.599976":[90,"HCZ_T"],"633.599976, 0, 950.400024":[0,"HCZ_L"],"264, 0, 686.400024":[0,"EZ_I"],"792, 0, 422.399994":[90,"LCZ_T"],"633.599976, 0, 264":[0,"LCZ_L"],"369.600006, 0, 686.400024":[-180,"EZ_T"],"739.200012, 0, 422.399994":[0,"LCZ_I"],"422.399994, 0, 792":[-180,"EZ_I"],"369.600006, 0, 950.400024":[0,"EZ_T"],"897.599976, 0, 897.599976":[0,"HCZ_I"],"475.200012, 0, 792":[-180,"EZ_I"],"739.200012, 0, 739.200012":[0,"HCZ_I"],"528, 0, 686.400024":[-180,"EZ_T"],"950.400024, 0, 844.799988":[-180,"HCZ_T"],"422.399994, 0, 686.400024":[-180,"EZ_I"],"844.799988, 0, 950.400024":[-90,"HCZ_Armory"],"897.599976, 0, 369.600006":[-180,"SCP-372"],"739.200012, 0, 897.599976":[-90,"HCZ_T"],"528, 0, 844.799988":[90,"EZ_I"],"422.399994, 0, 844.799988":[0,"EZ_Armory"],"844.799988, 0, 264":[0,"LCZ_WC"],"844.799988, 0, 158.399994":[0,"LCZ_I"],"950.400024, 0, 422.399994":[-180,"LCZ_L"],"792, 0, 475.200012":[-90,"LCZElevator1"],"316.799988, 0, 686.400024":[-180,"EZ_I"],"475.200012, 0, 686.400024":[-180,"EZ_I"],"528, 0, 739.200012":[90,"EZ_I"],"844.799988, 0, 844.799988":[0,"SCP-079"],"475.200012, 0, 950.400024":[0,"EZ_I"],"897.599976, 0, 686.400024":[90,"SCP-106"],"792, 0, 739.200012":[90,"HCZ_X"],"686.400024, 0, 211.199997":[-180,"LCZ_T"],"264, 0, 950.400024":[0,"EZ_I"],"158.399994, 0, 633.599976":[180,"Gate"],"528, 0, 897.599976":[90,"EZ_I"],"211.199997, 0, 844.799988":[90,"EZ_I"],"211.199997, 0, 739.200012":[90,"EZ_I"],"211.199997, 0, 633.599976":[0,"EZ_L"],"792, 0, 686.400024":[-90,"HCZ_I"],"686.400024, 0, 158.399994":[0,"LCZ_L"],"369.600006, 0, 739.200012":[90,"EZ_I"],"897.599976, 0, 158.399994":[0,"SCP-914"],"528, 0, 792":[90,"EZ_T"],"686.400024, 0, 264":[-90,"LCZ_T"]}
