{"1056, 0, 158.399994":[90,"LCZElevator2"],"950.400024, 0, 792":[0,"HCZ_T"],"1056, 0, 316.799988":[0,"LCZ_T"],"792, 0, 950.400024":[0,"HCZ_T"],"316.799988, 0, 792":[-90,"EZ_L"],"950.400024, 0, 105.599998":[90,"SCP-914"],"739.200012, 0, 316.799988":[180,"LCZElevator1"],"528, 0, 633.599976":[0,"Checkpoint"],"475.200012, 0, 792":[0,"EZ_I"],"950.400024, 0, 369.600006":[-90,"LCZ_PC"],"950.400024, 0, 158.399994":[0,"LCZ_T"],"369.600006, 0, 844.799988":[-90,"EZ_L"],"633.599976, 0, 844.799988":[-90,"SCP-079"],"369.600006, 0, 686.400024":[-90,"EZ_I"],"950.400024, 0, 211.199997":[90,"LCZ_X"],"369.600006, 0, 633.599976":[180,"EZ_T"],"686.400024, 0, 633.599976":[0,"HCZ_I"],"739.200012, 0, 792":[-90,"HCZ_T"],"792, 0, 1003.20001":[-90,"HCZ_Armory"],"316.799988, 0, 633.599976":[180,"Gate"],"792, 0, 264":[0,"LCZ_L"],"1056, 0, 264":[0,"LCZ_GH"],"422.399994, 0, 792":[0,"EZ_I"],"792, 0, 792":[90,"HCZ_T"],"950.400024, 0, 950.400024":[-90,"SCP-106"],"792, 0, 369.600006":[-90,"SCP-173"],"844.799988, 0, 792":[0,"HCZ_I"],"950.400024, 0, 739.200012":[90,"HCZElevator2"],"739.200012, 0, 739.200012":[-90,"HCZ_I"],"844.799988, 0, 264":[180,"LCZ_L"],"1056, 0, 369.600006":[-90,"LCZ_Armory"],"897.599976, 0, 211.199997":[0,"LCZ_I"],"897.599976, 0, 792":[180,"HCZ_I"],"475.200012, 0, 633.599976":[0,"EZ_I"],"792, 0, 316.799988":[0,"LCZ_T"],"792, 0, 158.399994":[180,"SCP-372"],"844.799988, 0, 158.399994":[90,"LCZ_X"],"369.600006, 0, 792":[90,"EZ_L"],"686.400024, 0, 792":[0,"HCZ_I"],"633.599976, 0, 792":[90,"HCZ_T"],"1056, 0, 211.199997":[0,"LCZ_T"],"844.799988, 0, 105.599998":[90,"CDC"],"950.400024, 0, 316.799988":[180,"LCZ_T"],"897.599976, 0, 158.399994":[0,"LCZ_I"],"422.399994, 0, 739.200012":[0,"EZ_Armory"],"580.799988, 0, 686.400024":[-90,"HCZ_I"],"580.799988, 0, 633.599976":[90,"HCZ_T"],"739.200012, 0, 633.599976":[90,"HCZ_L"],"792, 0, 844.799988":[-90,"HCZ_I"],"580.799988, 0, 739.200012":[-90,"HCZ_I"],"792, 0, 897.599976":[180,"HCZ_T"],"316.799988, 0, 844.799988":[180,"EZ_I"],"422.399994, 0, 633.599976":[0,"EZ_I"],"739.200012, 0, 686.400024":[-90,"HCZ_I"],"950.400024, 0, 897.599976":[90,"HCZ_I"],"950.400024, 0, 844.799988":[90,"HCZ_I"],"528, 0, 792":[0,"Checkpoint"],"950.400024, 0, 264":[-90,"LCZ_I"],"211.199997, 0, 844.799988":[180,"Gate"],"844.799988, 0, 897.599976":[0,"SCP-096"],"580.799988, 0, 792":[-90,"HCZ_T"],"316.799988, 0, 739.200012":[90,"EZ_L"],"264, 0, 844.799988":[0,"EZ_T"],"264, 0, 792":[90,"EZ_L"],"1003.20001, 0, 316.799988":[180,"LCZ_WC"],"739.200012, 0, 950.400024":[180,"HCZElevator1"],"633.599976, 0, 633.599976":[90,"SCP-049"],"1003.20001, 0, 211.199997":[0,"LCZ_I"],"844.799988, 0, 211.199997":[180,"LCZ_T"],"369.600006, 0, 739.200012":[0,"EZ_T"]}
