{"792, 0, 316.799988":[0,"LCZ_T"],"1003.20001, 0, 739.200012":[180,"HCZ_L"],"739.200012, 0, 475.200012":[0,"LCZ_I"],"844.799988, 0, 316.799988":[0,"LCZ_L"],"739.200012, 0, 316.799988":[0,"LCZ_L"],"844.799988, 0, 844.799988":[0,"HCZ_L"],"633.599976, 0, 792":[-90,"HCZ_T"],"950.400024, 0, 528":[-90,"SCP-372"],"580.799988, 0, 686.400024":[90,"HCZ_Armory"],"475.200012, 0, 792":[0,"EZ_I"],"422.399994, 0, 897.599976":[0,"EZ_T"],"950.400024, 0, 475.200012":[180,"LCZ_T"],"792, 0, 211.199997":[90,"LCZ_GH"],"792, 0, 52.7999992":[0,"LCZ_L"],"369.600006, 0, 1003.20001":[-90,"EZ_L"],"844.799988, 0, 739.200012":[-90,"SCP-049"],"686.400024, 0, 844.799988":[-90,"HCZ_L"],"739.200012, 0, 844.799988":[0,"HCZ_I"],"686.400024, 0, 316.799988":[-90,"LCZ_L"],"422.399994, 0, 844.799988":[0,"EZ_L"],"844.799988, 0, 264":[0,"LCZ_I"],"844.799988, 0, 158.399994":[-90,"LCZ_X"],"950.400024, 0, 422.399994":[-90,"LCZ_L"],"792, 0, 475.200012":[180,"LCZ_L"],"633.599976, 0, 739.200012":[0,"HCZ_T"],"792, 0, 844.799988":[90,"HCZ_T"],"369.600006, 0, 844.799988":[180,"EZ_I"],"792, 0, 158.399994":[0,"LCZ_I"],"792, 0, 264":[0,"LCZ_L"],"897.599976, 0, 422.399994":[180,"LCZ_I"],"686.400024, 0, 475.200012":[90,"LCZ_L"],"844.799988, 0, 105.599998":[-90,"LCZ_L"],"475.200012, 0, 897.599976":[0,"EZ_I"],"897.599976, 0, 369.600006":[0,"LCZElevator1"],"264, 0, 739.200012":[90,"EZ_L"],"316.799988, 0, 739.200012":[0,"EZ_T"],"686.400024, 0, 422.399994":[90,"LCZ_I"],"316.799988, 0, 844.799988":[0,"EZ_T"],"844.799988, 0, 422.399994":[180,"LCZ_I"],"844.799988, 0, 369.600006":[90,"LCZ_L"],"633.599976, 0, 316.799988":[180,"SCP-914"],"792, 0, 792":[-90,"HCZ_L"],"369.600006, 0, 897.599976":[180,"EZ_T"],"1003.20001, 0, 316.799988":[90,"LCZ_WC"],"792, 0, 369.600006":[-90,"LCZ_I"],"158.399994, 0, 844.799988":[-180,"Gate"],"580.799988, 0, 739.200012":[-90,"HCZ_L"],"528, 0, 897.599976":[-90,"EZ_L"],"897.599976, 0, 792":[180,"HCZ_T"],"316.799988, 0, 897.599976":[0,"EZ_I"],"686.400024, 0, 792":[90,"HCZ_L"],"1003.20001, 0, 844.799988":[-90,"SCP-096"],"264, 0, 897.599976":[180,"EZ_I"],"316.799988, 0, 1003.20001":[-180,"Gate"],"739.200012, 0, 52.7999992":[-90,"LCZ_L"],"897.599976, 0, 739.200012":[90,"HCZ_L"],"739.200012, 0, 739.200012":[-90,"HCZ_T"],"1003.20001, 0, 792":[0,"HCZ_T"],"844.799988, 0, 897.599976":[180,"HCZElevator2"],"211.199997, 0, 792":[90,"EZ_L"],"844.799988, 0, 792":[90,"HCZ_L"],"633.599976, 0, 686.400024":[180,"HCZ_L"],"686.400024, 0, 52.7999992":[180,"LCZElevator2"],"844.799988, 0, 52.7999992":[0,"CDC"],"369.600006, 0, 792":[0,"EZ_T"],"1003.20001, 0, 422.399994":[180,"LCZ_T"],"264, 0, 844.799988":[0,"EZ_I"],"264, 0, 792":[-90,"EZ_L"],"580.799988, 0, 792":[0,"Checkpoint"],"897.599976, 0, 211.199997":[90,"LCZ_I"],"792, 0, 739.200012":[90,"HCZ_T"],"316.799988, 0, 792":[90,"EZ_L"],"792, 0, 105.599998":[-90,"LCZ_T"],"1003.20001, 0, 369.600006":[90,"LCZ_I"],"1056, 0, 739.200012":[0,"HCZElevator1"],"792, 0, 633.599976":[0,"SCP-079"],"739.200012, 0, 211.199997":[180,"LCZ_PC"],"686.400024, 0, 739.200012":[-90,"HCZ_L"],"792, 0, 422.399994":[180,"LCZ_T"],"686.400024, 0, 369.600006":[180,"LCZ_T"],"739.200012, 0, 158.399994":[90,"LCZ_L"],"211.199997, 0, 897.599976":[180,"EZ_L"],"897.599976, 0, 264":[90,"LCZ_X"],"1056, 0, 422.399994":[0,"LCZ_Armory"],"739.200012, 0, 686.400024":[90,"HCZ_I"],"897.599976, 0, 844.799988":[90,"HCZ_I"],"422.399994, 0, 792":[0,"EZ_I"],"369.600006, 0, 950.400024":[90,"EZ_I"],"897.599976, 0, 897.599976":[0,"HCZ_L"],"950.400024, 0, 792":[180,"HCZ_I"],"1003.20001, 0, 475.200012":[180,"LCZ_L"],"211.199997, 0, 844.799988":[180,"EZ_X"],"528, 0, 844.799988":[-90,"EZ_I"],"739.200012, 0, 369.600006":[180,"LCZ_L"],"950.400024, 0, 264":[0,"LCZ_I"],"739.200012, 0, 105.599998":[180,"LCZ_T"],"792, 0, 897.599976":[-90,"SCP-106"],"316.799988, 0, 686.400024":[90,"EZ_Armory"],"1003.20001, 0, 211.199997":[90,"SCP-173"],"739.200012, 0, 633.599976":[180,"HCZ_L"],"528, 0, 792":[180,"EZ_T"],"897.599976, 0, 158.399994":[-90,"LCZ_L"],"686.400024, 0, 686.400024":[90,"HCZ_L"],"844.799988, 0, 211.199997":[180,"LCZ_L"],"1003.20001, 0, 264":[-90,"LCZ_L"],"897.599976, 0, 316.799988":[180,"LCZ_L"],"369.600006, 0, 739.200012":[0,"EZ_L"]}
