{"1003.20001, 0, 739.200012":[-90,"HCZ_I"],"633.599976, 0, 105.599998":[90,"SCP-173"],"844.799988, 0, 369.600006":[-90,"LCZ_T"],"897.599976, 0, 1056":[-90,"HCZ_T"],"950.400024, 0, 158.399994":[-180,"LCZ_I"],"897.599976, 0, 739.200012":[-90,"HCZ_I"],"792, 0, 580.799988":[90,"HCZ_T"],"739.200012, 0, 580.799988":[-180,"HCZ_I"],"1003.20001, 0, 422.399994":[-90,"LCZ_I"],"897.599976, 0, 844.799988":[-180,"HCZ_X"],"1003.20001, 0, 105.599998":[90,"LCZ_PC"],"475.200012, 0, 739.200012":[90,"EZ_I"],"1003.20001, 0, 580.799988":[90,"HCZ_L"],"475.200012, 0, 633.599976":[-180,"EZ_T"],"844.799988, 0, 158.399994":[90,"LCZ_T"],"792, 0, 158.399994":[0,"LCZ_I"],"1003.20001, 0, 633.599976":[-90,"HCZ_I"],"739.200012, 0, 316.799988":[90,"LCZ_WC"],"686.400024, 0, 264":[0,"LCZ_I"],"422.399994, 0, 633.599976":[-180,"EZ_I"],"792, 0, 844.799988":[-90,"HCZ_T"],"369.600006, 0, 1003.20001":[-180,"EZ_L"],"580.799988, 0, 950.400024":[180,"HCZ_L"],"369.600006, 0, 897.599976":[90,"EZ_X"],"897.599976, 0, 422.399994":[-90,"LCZ_I"],"739.200012, 0, 158.399994":[0,"LCZ_I"],"369.600006, 0, 686.400024":[-90,"EZ_I"],"475.200012, 0, 897.599976":[90,"EZ_T"],"316.799988, 0, 844.799988":[90,"EZ_Armory"],"633.599976, 0, 158.399994":[-180,"LCZ_T"],"739.200012, 0, 844.799988":[180,"HCZ_L"],"422.399994, 0, 792":[-180,"EZ_I"],"264, 0, 844.799988":[90,"EZ_I"],"792, 0, 264":[0,"LCZ_I"],"264, 0, 792":[-90,"EZ_I"],"844.799988, 0, 264":[-90,"LCZ_X"],"475.200012, 0, 950.400024":[90,"EZ_I"],"633.599976, 0, 1003.20001":[-90,"HCZ_I"],"211.199997, 0, 897.599976":[-180,"EZ_I"],"211.199997, 0, 633.599976":[0,"EZ_L"],"950.400024, 0, 739.200012":[-90,"HCZ_Armory"],"739.200012, 0, 369.600006":[-180,"LCZ_T"],"633.599976, 0, 264":[0,"LCZ_X"],"105.599998, 0, 633.599976":[-180,"EZ_T"],"739.200012, 0, 475.200012":[90,"LCZ_I"],"633.599976, 0, 1056":[-90,"HCZ_T"],"52.7999992, 0, 633.599976":[180,"Gate"],"105.599998, 0, 686.400024":[-90,"EZ_I"],"1003.20001, 0, 264":[0,"LCZ_GH"],"792, 0, 792":[-90,"HCZ_I"],"897.599976, 0, 158.399994":[-90,"LCZ_T"],"105.599998, 0, 897.599976":[-90,"EZ_T"],"844.799988, 0, 686.400024":[0,"HCZ_I"],"633.599976, 0, 316.799988":[-90,"LCZ_I"],"475.200012, 0, 792":[90,"EZ_T"],"633.599976, 0, 369.600006":[-90,"LCZ_I"],"580.799988, 0, 686.400024":[-90,"HCZ_L"],"580.799988, 0, 633.599976":[0,"HCZ_T"],"580.799988, 0, 264":[-180,"SCP-372"],"1003.20001, 0, 1003.20001":[90,"HCZ_L"],"316.799988, 0, 897.599976":[-180,"EZ_I"],"897.599976, 0, 369.600006":[90,"LCZ_T"],"316.799988, 0, 739.200012":[0,"EZ_I"],"950.400024, 0, 1056":[0,"HCZ_L"],"105.599998, 0, 844.799988":[-90,"EZ_I"],"792, 0, 369.600006":[-180,"LCZ_I"],"897.599976, 0, 950.400024":[-90,"HCZ_I"],"633.599976, 0, 686.400024":[-90,"HCZ_X"],"422.399994, 0, 897.599976":[-180,"EZ_I"],"739.200012, 0, 1003.20001":[-180,"HCZ_T"],"739.200012, 0, 264":[90,"LCZ_T"],"897.599976, 0, 686.400024":[90,"HCZ_X"],"792, 0, 633.599976":[90,"HCZ_I"],"580.799988, 0, 580.799988":[-180,"HCZ_L"],"897.599976, 0, 1003.20001":[0,"HCZ_T"],"1003.20001, 0, 792":[-90,"HCZ_T"],"897.599976, 0, 475.200012":[-90,"SCP-914"],"1003.20001, 0, 369.600006":[0,"LCZ_T"],"1003.20001, 0, 158.399994":[0,"LCZ_T"],"844.799988, 0, 1003.20001":[-180,"HCZ_I"],"528, 0, 633.599976":[-180,"Checkpoint"],"264, 0, 1003.20001":[-90,"EZ_L"],"686.400024, 0, 739.200012":[0,"HCZ_L"],"158.399994, 0, 633.599976":[-180,"EZ_I"],"105.599998, 0, 950.400024":[-90,"EZ_I"],"844.799988, 0, 580.799988":[90,"SCP-049"],"369.600006, 0, 792":[-90,"EZ_T"],"686.400024, 0, 158.399994":[-180,"LCZ_I"],"105.599998, 0, 1003.20001":[0,"EZ_T"],"792, 0, 739.200012":[-90,"HCZ_I"],"897.599976, 0, 580.799988":[90,"HCZ_L"],"369.600006, 0, 633.599976":[90,"EZ_L"],"52.7999992, 0, 1003.20001":[180,"Gate"],"950.400024, 0, 844.799988":[0,"HCZ_T"],"264, 0, 950.400024":[-90,"EZ_I"],"792, 0, 686.400024":[-90,"HCZ_X"],"897.599976, 0, 897.599976":[-90,"HCZ_I"],"950.400024, 0, 1003.20001":[-180,"HCZ_T"],"369.600006, 0, 739.200012":[90,"EZ_T"],"1056, 0, 844.799988":[-180,"SCP-096"],"1003.20001, 0, 1056":[-90,"HCZElevator2"],"580.799988, 0, 1003.20001":[0,"HCZ_T"],"1003.20001, 0, 316.799988":[-90,"LCZ_I"],"897.599976, 0, 105.599998":[90,"CDC"],"475.200012, 0, 686.400024":[90,"EZ_I"],"105.599998, 0, 739.200012":[-90,"EZ_T"],"686.400024, 0, 686.400024":[90,"HCZ_T"],"950.400024, 0, 897.599976":[90,"HCZ_I"],"422.399994, 0, 1003.20001":[-180,"EZ_I"],"633.599976, 0, 739.200012":[180,"HCZ_T"],"264, 0, 739.200012":[-180,"EZ_T"],"844.799988, 0, 844.799988":[90,"HCZ_T"],"211.199997, 0, 739.200012":[0,"EZ_T"],"739.200012, 0, 528":[180,"LCZ_L"],"580.799988, 0, 1056":[-90,"HCZ_L"],"950.400024, 0, 580.799988":[180,"HCZElevator1"],"211.199997, 0, 686.400024":[-90,"EZ_I"],"950.400024, 0, 369.600006":[-180,"LCZ_I"],"475.200012, 0, 844.799988":[90,"EZ_I"],"369.600006, 0, 844.799988":[-90,"EZ_I"],"950.400024, 0, 792":[-180,"HCZ_L"],"950.400024, 0, 686.400024":[90,"HCZ_T"],"158.399994, 0, 739.200012":[-180,"EZ_I"],"897.599976, 0, 792":[-90,"HCZ_I"],"633.599976, 0, 211.199997":[-90,"LCZ_I"],"369.600006, 0, 950.400024":[90,"EZ_I"],"844.799988, 0, 897.599976":[-90,"SCP-106"],"686.400024, 0, 950.400024":[-180,"HCZ_I"],"739.200012, 0, 422.399994":[0,"LCZ_T"],"633.599976, 0, 580.799988":[90,"HCZ_T"],"686.400024, 0, 580.799988":[-180,"HCZ_I"],"633.599976, 0, 633.599976":[-90,"HCZ_I"],"1003.20001, 0, 686.400024":[0,"HCZ_T"],"1003.20001, 0, 211.199997":[-90,"LCZ_I"],"739.200012, 0, 1056":[-90,"HCZ_T"],"211.199997, 0, 1003.20001":[0,"EZ_I"],"844.799988, 0, 316.799988":[-90,"LCZ_I"],"633.599976, 0, 950.400024":[90,"HCZ_T"],"897.599976, 0, 264":[0,"LCZ_Armory"],"897.599976, 0, 633.599976":[-90,"HCZ_I"],"686.400024, 0, 1056":[0,"HCZ_I"],"739.200012, 0, 686.400024":[-180,"HCZ_I"],"686.400024, 0, 528":[180,"LCZElevator1"],"158.399994, 0, 1003.20001":[0,"EZ_I"],"264, 0, 897.599976":[-180,"EZ_X"],"950.400024, 0, 950.400024":[90,"HCZ_I"],"792, 0, 1056":[-180,"HCZ_I"],"158.399994, 0, 897.599976":[-180,"EZ_I"],"844.799988, 0, 1056":[0,"HCZ_I"],"528, 0, 1003.20001":[-180,"Checkpoint"],"1056, 0, 792":[90,"HCZ_L"],"633.599976, 0, 792":[-90,"SCP-079"],"792, 0, 1003.20001":[-180,"HCZ_I"],"105.599998, 0, 792":[90,"EZ_I"],"633.599976, 0, 422.399994":[90,"LCZ_L"],"1003.20001, 0, 475.200012":[-90,"LCZElevator2"],"739.200012, 0, 897.599976":[90,"HCZ_I"],"475.200012, 0, 1003.20001":[0,"EZ_T"],"844.799988, 0, 211.199997":[90,"LCZ_I"],"686.400024, 0, 422.399994":[0,"LCZ_I"],"739.200012, 0, 950.400024":[0,"HCZ_T"]}
