{"897.599976, 0, 316.799988":[90,"LCZ_L"],"686.400024, 0, 897.599976":[90,"HCZ_I"],"1056, 0, 844.799988":[0,"SCP-106"],"897.599976, 0, 1056":[-90,"HCZ_Armory"],"950.400024, 0, 158.399994":[90,"LCZ_T"],"897.599976, 0, 369.600006":[90,"LCZ_T"],"686.400024, 0, 316.799988":[90,"LCZ_L"],"739.200012, 0, 739.200012":[90,"HCZ_I"],"897.599976, 0, 844.799988":[180,"HCZ_Armory"],"633.599976, 0, 105.599998":[90,"LCZ_I"],"1056, 0, 950.400024":[0,"HCZElevator2"],"1003.20001, 0, 633.599976":[90,"HCZ_L"],"1056, 0, 528":[0,"SCP-372"],"580.799988, 0, 369.600006":[90,"LCZ_L"],"844.799988, 0, 105.599998":[0,"LCZ_L"],"580.799988, 0, 316.799988":[0,"LCZ_L"],"739.200012, 0, 158.399994":[-180,"LCZ_I"],"475.200012, 0, 897.599976":[0,"EZ_T"],"633.599976, 0, 158.399994":[-180,"LCZ_T"],"422.399994, 0, 792":[-90,"EZ_I"],"528, 0, 633.599976":[0,"EZ_L"],"475.200012, 0, 1003.20001":[-90,"EZ_L"],"686.400024, 0, 369.600006":[-180,"LCZ_I"],"844.799988, 0, 633.599976":[90,"SCP-096"],"844.799988, 0, 369.600006":[0,"LCZ_X"],"475.200012, 0, 739.200012":[90,"EZ_T"],"422.399994, 0, 844.799988":[0,"EZ_T"],"792, 0, 1056":[-90,"NUKE_ROOM"],"950.400024, 0, 739.200012":[0,"HCZ_I"],"844.799988, 0, 475.200012":[90,"LCZ_L"],"633.599976, 0, 528":[-90,"LCZ_T"],"739.200012, 0, 369.600006":[-90,"LCZ_T"],"422.399994, 0, 739.200012":[-90,"EZ_T"],"422.399994, 0, 580.799988":[90,"EZ_L"],"369.600006, 0, 1056":[-180,"EZ_I"],"844.799988, 0, 264":[-90,"LCZ_X"],"475.200012, 0, 950.400024":[0,"EZ_L"],"528, 0, 792":[90,"EZ_T"],"369.600006, 0, 633.599976":[-180,"EZ_X"],"633.599976, 0, 844.799988":[0,"HCZ_T"],"792, 0, 316.799988":[90,"LCZ_WC"],"316.799988, 0, 950.400024":[0,"EZ_L"],"950.400024, 0, 897.599976":[0,"HCZ_L"],"422.399994, 0, 1003.20001":[90,"EZ_L"],"633.599976, 0, 739.200012":[-90,"HCZ_I"],"316.799988, 0, 844.799988":[0,"EZ_I"],"633.599976, 0, 792":[-180,"HCZ_T"],"264, 0, 844.799988":[0,"EZ_X"],"792, 0, 264":[-90,"LCZ_X"],"264, 0, 792":[0,"EZ_L"],"211.199997, 0, 1056":[-180,"EZ_L"],"633.599976, 0, 897.599976":[90,"HCZ_I"],"950.400024, 0, 316.799988":[-90,"LCZ_L"],"950.400024, 0, 528":[-90,"LCZ_T"],"211.199997, 0, 950.400024":[-180,"EZ_I"],"739.200012, 0, 211.199997":[-90,"LCZ_L"],"211.199997, 0, 897.599976":[-180,"EZ_I"],"792, 0, 1003.20001":[0,"HCZ_T"],"950.400024, 0, 211.199997":[-180,"LCZ_L"],"105.599998, 0, 792":[-90,"EZ_T"],"528, 0, 897.599976":[-90,"EZ_L"],"739.200012, 0, 528":[180,"LCZ_L"],"211.199997, 0, 739.200012":[-90,"EZ_L"],"264, 0, 633.599976":[90,"EZ_L"],"316.799988, 0, 1056":[0,"EZ_T"],"52.7999992, 0, 686.400024":[180,"Gate"],"264, 0, 1056":[-180,"EZ_I"],"528, 0, 686.400024":[90,"EZ_T"],"1056, 0, 369.600006":[0,"LCZElevator1"],"105.599998, 0, 844.799988":[-90,"EZ_T"],"686.400024, 0, 844.799988":[90,"HCZ_I"],"792, 0, 369.600006":[-180,"LCZ_X"],"897.599976, 0, 950.400024":[0,"HCZ_X"],"792, 0, 897.599976":[-180,"HCZ_T"],"739.200012, 0, 950.400024":[90,"HCZ_T"],"686.400024, 0, 422.399994":[-90,"LCZ_L"],"844.799988, 0, 211.199997":[0,"LCZ_T"],"1056, 0, 158.399994":[0,"LCZElevator2"],"633.599976, 0, 686.400024":[90,"HCZ_T"],"422.399994, 0, 897.599976":[90,"EZ_L"],"739.200012, 0, 1003.20001":[-90,"HCZ_T"],"686.400024, 0, 211.199997":[90,"LCZ_L"],"422.399994, 0, 1056":[-90,"EZ_L"],"633.599976, 0, 422.399994":[-90,"LCZ_X"],"792, 0, 950.400024":[90,"HCZ_X"],"897.599976, 0, 1003.20001":[90,"HCZ_I"],"1003.20001, 0, 792":[90,"HCZ_I"],"686.400024, 0, 158.399994":[90,"LCZ_T"],"158.399994, 0, 686.400024":[-180,"EZ_T"],"897.599976, 0, 52.7999992":[90,"SCP-173"],"158.399994, 0, 897.599976":[0,"EZ_T"],"792, 0, 211.199997":[-180,"LCZ_T"],"1056, 0, 739.200012":[0,"HCZElevator1"],"1003.20001, 0, 686.400024":[90,"HCZ_I"],"369.600006, 0, 686.400024":[0,"EZ_T"],"633.599976, 0, 475.200012":[-90,"LCZ_I"],"264, 0, 950.400024":[-180,"EZ_I"],"897.599976, 0, 897.599976":[-180,"HCZ_L"],"792, 0, 686.400024":[180,"HCZ_I"],"369.600006, 0, 580.799988":[90,"EZ_Armory"],"369.600006, 0, 844.799988":[0,"EZ_I"],"897.599976, 0, 528":[90,"LCZ_L"],"475.200012, 0, 844.799988":[90,"EZ_X"],"264, 0, 686.400024":[-90,"EZ_L"],"580.799988, 0, 422.399994":[-180,"LCZ_Armory"],"105.599998, 0, 686.400024":[180,"EZ_T"],"211.199997, 0, 844.799988":[-180,"EZ_I"],"1003.20001, 0, 897.599976":[90,"HCZ_I"],"950.400024, 0, 633.599976":[-180,"HCZ_L"],"105.599998, 0, 950.400024":[-180,"EZ_X"],"633.599976, 0, 316.799988":[-180,"LCZ_L"],"475.200012, 0, 792":[-90,"EZ_T"],"633.599976, 0, 369.600006":[90,"LCZ_T"],"580.799988, 0, 686.400024":[-180,"SCP-079"],"686.400024, 0, 475.200012":[-180,"LCZ_T"],"792, 0, 422.399994":[-90,"LCZ_T"],"475.200012, 0, 633.599976":[-180,"EZ_L"],"897.599976, 0, 475.200012":[-90,"LCZ_X"],"844.799988, 0, 158.399994":[90,"LCZ_X"],"792, 0, 158.399994":[90,"LCZ_T"],"686.400024, 0, 1003.20001":[-90,"HCZ_L"],"633.599976, 0, 264":[-180,"LCZ_T"],"52.7999992, 0, 950.400024":[180,"Gate"],"211.199997, 0, 686.400024":[-180,"EZ_T"],"950.400024, 0, 369.600006":[-90,"LCZ_T"],"739.200012, 0, 686.400024":[90,"HCZ_T"],"316.799988, 0, 1003.20001":[-90,"EZ_T"],"105.599998, 0, 739.200012":[-90,"EZ_T"],"897.599976, 0, 105.599998":[0,"LCZ_T"],"475.200012, 0, 686.400024":[-180,"EZ_T"],"528, 0, 739.200012":[-90,"EZ_I"],"844.799988, 0, 792":[0,"HCZ_I"],"316.799988, 0, 633.599976":[0,"EZ_L"],"105.599998, 0, 1003.20001":[-180,"EZ_L"],"739.200012, 0, 792":[-90,"HCZ_T"],"897.599976, 0, 739.200012":[180,"HCZ_T"],"897.599976, 0, 686.400024":[90,"HCZ_T"],"739.200012, 0, 264":[90,"LCZ_L"],"369.600006, 0, 1003.20001":[-90,"EZ_L"],"158.399994, 0, 844.799988":[-180,"EZ_X"],"686.400024, 0, 950.400024":[-180,"HCZ_X"],"739.200012, 0, 422.399994":[0,"LCZ_L"],"739.200012, 0, 316.799988":[-90,"LCZ_L"],"580.799988, 0, 211.199997":[-180,"LCZ_PC"],"422.399994, 0, 633.599976":[90,"EZ_T"],"686.400024, 0, 264":[-90,"LCZ_L"],"686.400024, 0, 792":[90,"HCZ_T"],"158.399994, 0, 739.200012":[-90,"EZ_X"],"422.399994, 0, 686.400024":[-180,"EZ_X"],"633.599976, 0, 211.199997":[0,"LCZ_T"],"369.600006, 0, 950.400024":[90,"EZ_L"],"897.599976, 0, 792":[0,"HCZ_L"],"844.799988, 0, 897.599976":[90,"HCZ_L"],"897.599976, 0, 422.399994":[0,"LCZ_GH"],"475.200012, 0, 580.799988":[0,"EZ_L"],"792, 0, 792":[90,"HCZ_T"],"105.599998, 0, 897.599976":[-90,"EZ_T"],"844.799988, 0, 686.400024":[-90,"HCZ_T"],"897.599976, 0, 158.399994":[0,"LCZ_X"],"686.400024, 0, 528":[-90,"LCZ_T"],"211.199997, 0, 1003.20001":[0,"EZ_L"],"844.799988, 0, 316.799988":[-90,"LCZ_I"],"633.599976, 0, 950.400024":[-90,"HCZ_L"],"844.799988, 0, 950.400024":[-90,"HCZ_T"],"580.799988, 0, 844.799988":[0,"Checkpoint"],"316.799988, 0, 686.400024":[-180,"EZ_L"],"844.799988, 0, 422.399994":[0,"LCZ_T"],"950.400024, 0, 475.200012":[-90,"LCZ_L"],"686.400024, 0, 686.400024":[180,"HCZ_I"],"264, 0, 897.599976":[-90,"EZ_L"],"950.400024, 0, 950.400024":[180,"HCZ_I"],"1003.20001, 0, 950.400024":[-90,"HCZ_T"],"950.400024, 0, 686.400024":[0,"HCZ_L"],"211.199997, 0, 792":[-180,"EZ_I"],"792, 0, 844.799988":[0,"SCP-049"],"422.399994, 0, 950.400024":[0,"EZ_T"],"158.399994, 0, 1003.20001":[0,"EZ_T"],"739.200012, 0, 475.200012":[0,"LCZ_T"],"897.599976, 0, 264":[-90,"LCZ_L"],"1003.20001, 0, 528":[-180,"LCZ_I"],"158.399994, 0, 792":[0,"EZ_X"],"1003.20001, 0, 739.200012":[0,"HCZ_X"],"528, 0, 844.799988":[0,"EZ_X"],"1003.20001, 0, 844.799988":[90,"HCZ_X"],"1003.20001, 0, 158.399994":[-180,"LCZ_I"],"1003.20001, 0, 369.600006":[-180,"LCZ_I"],"158.399994, 0, 950.400024":[-180,"EZ_T"],"950.400024, 0, 844.799988":[90,"HCZ_T"],"633.599976, 0, 52.7999992":[90,"SCP-914"],"897.599976, 0, 211.199997":[90,"LCZ_L"],"580.799988, 0, 528":[-180,"CDC"]}
