{"686.400024, 0, 264":[90,"LCZ_T"],"633.599976, 0, 792":[180,"HCZ_I"],"792, 0, 633.599976":[0,"HCZElevator2"],"528, 0, 739.200012":[-90,"EZ_L"],"792, 0, 792":[90,"HCZ_T"],"792, 0, 897.599976":[-90,"HCZ_L"],"211.199997, 0, 686.400024":[180,"EZ_T"],"739.200012, 0, 211.199997":[0,"LCZ_T"],"158.399994, 0, 897.599976":[-180,"Gate"],"739.200012, 0, 844.799988":[-180,"HCZ_T"],"897.599976, 0, 844.799988":[0,"SCP-096"],"264, 0, 686.400024":[-180,"EZ_T"],"316.799988, 0, 792":[-90,"EZ_T"],"211.199997, 0, 897.599976":[0,"EZ_T"],"158.399994, 0, 686.400024":[-180,"Gate"],"792, 0, 950.400024":[90,"HCZ_T"],"369.600006, 0, 897.599976":[180,"EZ_I"],"897.599976, 0, 211.199997":[0,"LCZ_WC"],"422.399994, 0, 739.200012":[-180,"EZ_L"],"686.400024, 0, 475.200012":[90,"LCZ_L"],"792, 0, 844.799988":[-180,"HCZ_X"],"739.200012, 0, 158.399994":[180,"LCZ_GH"],"950.400024, 0, 211.199997":[180,"LCZ_I"],"686.400024, 0, 369.600006":[180,"LCZ_T"],"739.200012, 0, 792":[90,"HCZ_X"],"792, 0, 1003.20001":[0,"HCZ_L"],"686.400024, 0, 422.399994":[0,"LCZ_T"],"422.399994, 0, 950.400024":[-180,"EZ_L"],"211.199997, 0, 792":[-90,"EZ_I"],"792, 0, 369.600006":[-90,"LCZ_T"],"475.200012, 0, 739.200012":[-180,"EZ_T"],"739.200012, 0, 369.600006":[180,"LCZ_I"],"739.200012, 0, 1003.20001":[180,"HCZElevator1"],"686.400024, 0, 211.199997":[180,"SCP-372"],"686.400024, 0, 105.599998":[180,"LCZElevator1"],"792, 0, 686.400024":[90,"HCZ_T"],"369.600006, 0, 686.400024":[0,"EZ_I"],"475.200012, 0, 844.799988":[90,"EZ_I"],"633.599976, 0, 422.399994":[180,"LCZ_PC"],"369.600006, 0, 792":[180,"EZ_I"],"792, 0, 739.200012":[0,"HCZ_L"],"686.400024, 0, 792":[-90,"SCP-049"],"580.799988, 0, 792":[180,"Checkpoint"],"422.399994, 0, 897.599976":[-180,"EZ_T"],"844.799988, 0, 264":[180,"LCZ_L"],"739.200012, 0, 739.200012":[-180,"HCZ_T"],"422.399994, 0, 686.400024":[0,"EZ_L"],"844.799988, 0, 897.599976":[0,"HCZ_T"],"739.200012, 0, 897.599976":[0,"HCZ_T"],"528, 0, 792":[0,"EZ_I"],"686.400024, 0, 316.799988":[-90,"LCZ_I"],"316.799988, 0, 844.799988":[-90,"EZ_I"],"844.799988, 0, 686.400024":[180,"HCZ_I"],"792, 0, 105.599998":[0,"LCZ_Armory"],"422.399994, 0, 792":[180,"EZ_I"],"528, 0, 686.400024":[90,"EZ_Armory"],"633.599976, 0, 264":[180,"CDC"],"739.200012, 0, 633.599976":[180,"HCZ_L"],"475.200012, 0, 792":[0,"EZ_X"],"264, 0, 897.599976":[180,"EZ_I"],"739.200012, 0, 475.200012":[0,"SCP-914"],"316.799988, 0, 739.200012":[90,"EZ_T"],"316.799988, 0, 686.400024":[180,"EZ_T"],"844.799988, 0, 950.400024":[0,"HCZ_L"],"211.199997, 0, 739.200012":[-90,"EZ_T"],"475.200012, 0, 950.400024":[-90,"EZ_L"],"897.599976, 0, 633.599976":[90,"SCP-106"],"739.200012, 0, 686.400024":[-180,"HCZ_T"],"844.799988, 0, 211.199997":[0,"LCZ_L"],"739.200012, 0, 105.599998":[90,"LCZ_T"],"264, 0, 739.200012":[0,"EZ_T"],"844.799988, 0, 369.600006":[0,"SCP-173"],"211.199997, 0, 844.799988":[-90,"EZ_I"],"475.200012, 0, 897.599976":[90,"EZ_T"],"950.400024, 0, 686.400024":[0,"HCZ_Armory"],"844.799988, 0, 844.799988":[0,"HCZ_X"],"792, 0, 316.799988":[-90,"LCZ_I"],"739.200012, 0, 264":[-90,"LCZ_T"],"792, 0, 264":[90,"LCZ_T"],"316.799988, 0, 897.599976":[0,"EZ_T"],"844.799988, 0, 792":[90,"HCZ_L"],"739.200012, 0, 950.400024":[-90,"HCZ_L"],"686.400024, 0, 897.599976":[180,"SCP-079"],"1003.20001, 0, 211.199997":[0,"LCZElevator2"],"897.599976, 0, 686.400024":[-90,"HCZ_T"]}
