{"897.599976, 0, 844.799988":[90,"HCZ_L"],"897.599976, 0, 316.799988":[0,"LCZ_I"],"950.400024, 0, 950.400024":[0,"HCZ_L"],"316.799988, 0, 792":[0,"EZ_I"],"686.400024, 0, 897.599976":[-90,"HCZ_L"],"844.799988, 0, 528":[-90,"LCZ_Armory"],"950.400024, 0, 422.399994":[-90,"LCZ_T"],"1003.20001, 0, 792":[0,"SCP-079"],"950.400024, 0, 369.600006":[-90,"LCZ_I"],"897.599976, 0, 475.200012":[0,"LCZ_I"],"792, 0, 844.799988":[180,"HCZ_Armory"],"633.599976, 0, 844.799988":[0,"HCZ_L"],"792, 0, 316.799988":[0,"LCZ_I"],"792, 0, 580.799988":[180,"HCZ_L"],"739.200012, 0, 475.200012":[-90,"LCZ_T"],"211.199997, 0, 792":[0,"EZ_I"],"792, 0, 211.199997":[0,"LCZ_GH"],"1003.20001, 0, 686.400024":[0,"HCZ_T"],"686.400024, 0, 316.799988":[180,"CDC"],"844.799988, 0, 264":[-90,"LCZ_L"],"686.400024, 0, 475.200012":[180,"LCZ_I"],"950.400024, 0, 211.199997":[-90,"LCZ_L"],"792, 0, 1003.20001":[-90,"SCP-096"],"950.400024, 0, 792":[180,"HCZ_T"],"1003.20001, 0, 897.599976":[0,"HCZElevator2"],"950.400024, 0, 633.599976":[180,"HCZ_I"],"950.400024, 0, 264":[-90,"LCZ_I"],"897.599976, 0, 950.400024":[0,"HCZ_I"],"686.400024, 0, 844.799988":[-90,"HCZ_I"],"580.799988, 0, 739.200012":[180,"Checkpoint"],"950.400024, 0, 844.799988":[90,"HCZ_I"],"792, 0, 950.400024":[180,"HCZ_L"],"1003.20001, 0, 475.200012":[0,"LCZ_PC"],"792, 0, 475.200012":[0,"LCZ_WC"],"950.400024, 0, 475.200012":[0,"LCZ_I"],"897.599976, 0, 580.799988":[0,"HCZ_I"],"844.799988, 0, 422.399994":[0,"LCZ_L"],"897.599976, 0, 897.599976":[-90,"HCZ_L"],"792, 0, 686.400024":[0,"HCZ_L"],"264, 0, 950.400024":[0,"EZ_L"],"633.599976, 0, 475.200012":[180,"LCZElevator1"],"633.599976, 0, 105.599998":[90,"SCP-173"],"792, 0, 897.599976":[0,"HCZ_I"],"844.799988, 0, 580.799988":[180,"HCZ_I"],"369.600006, 0, 792":[0,"EZ_I"],"844.799988, 0, 792":[90,"HCZ_I"],"528, 0, 739.200012":[180,"EZ_I"],"633.599976, 0, 158.399994":[90,"LCZ_L"],"422.399994, 0, 792":[0,"EZ_L"],"897.599976, 0, 633.599976":[180,"HCZElevator1"],"897.599976, 0, 369.600006":[0,"SCP-372"],"950.400024, 0, 739.200012":[180,"HCZ_L"],"528, 0, 844.799988":[180,"EZ_I"],"1003.20001, 0, 739.200012":[0,"HCZ_L"],"844.799988, 0, 369.600006":[90,"LCZ_L"],"580.799988, 0, 844.799988":[180,"Checkpoint"],"844.799988, 0, 950.400024":[0,"HCZ_I"],"316.799988, 0, 686.400024":[180,"EZ_I"],"686.400024, 0, 739.200012":[-90,"HCZ_I"],"264, 0, 1003.20001":[180,"EZ_L"],"950.400024, 0, 686.400024":[0,"HCZ_I"],"686.400024, 0, 158.399994":[0,"LCZ_I"],"686.400024, 0, 792":[0,"HCZ_T"],"950.400024, 0, 580.799988":[0,"HCZ_I"],"475.200012, 0, 844.799988":[180,"EZ_I"],"369.600006, 0, 844.799988":[90,"EZ_L"],"264, 0, 792":[0,"EZ_T"],"792, 0, 264":[90,"LCZ_L"],"422.399994, 0, 844.799988":[0,"EZ_T"],"1003.20001, 0, 633.599976":[0,"HCZ_T"],"844.799988, 0, 158.399994":[180,"LCZ_I"],"792, 0, 158.399994":[90,"LCZ_T"],"1003.20001, 0, 316.799988":[0,"SCP-914"],"264, 0, 686.400024":[90,"EZ_L"],"369.600006, 0, 897.599976":[90,"EZ_I"],"264, 0, 739.200012":[90,"EZ_I"],"950.400024, 0, 897.599976":[180,"HCZ_X"],"633.599976, 0, 739.200012":[90,"HCZ_L"],"158.399994, 0, 792":[-180,"Gate"],"422.399994, 0, 686.400024":[0,"EZ_I"],"369.600006, 0, 950.400024":[90,"EZ_I"],"844.799988, 0, 897.599976":[0,"HCZ_L"],"739.200012, 0, 422.399994":[-90,"LCZ_I"],"739.200012, 0, 316.799988":[90,"LCZ_T"],"686.400024, 0, 686.400024":[180,"HCZ_L"],"739.200012, 0, 686.400024":[0,"HCZ_I"],"316.799988, 0, 1003.20001":[0,"EZ_I"],"844.799988, 0, 739.200012":[90,"HCZ_I"],"950.400024, 0, 316.799988":[0,"LCZ_X"],"211.199997, 0, 950.400024":[-180,"Gate"],"739.200012, 0, 897.599976":[-90,"SCP-049"],"475.200012, 0, 739.200012":[180,"EZ_L"],"739.200012, 0, 369.600006":[90,"LCZ_I"],"739.200012, 0, 158.399994":[0,"LCZ_I"],"1003.20001, 0, 422.399994":[0,"LCZElevator2"],"739.200012, 0, 633.599976":[180,"SCP-106"],"844.799988, 0, 316.799988":[0,"LCZ_X"],"633.599976, 0, 792":[180,"HCZ_T"],"792, 0, 633.599976":[0,"HCZ_T"],"897.599976, 0, 158.399994":[-90,"LCZ_L"],"844.799988, 0, 686.400024":[180,"HCZ_L"],"844.799988, 0, 844.799988":[0,"HCZ_X"],"844.799988, 0, 475.200012":[90,"LCZ_X"],"369.600006, 0, 686.400024":[180,"EZ_T"],"897.599976, 0, 211.199997":[90,"LCZ_L"],"475.200012, 0, 686.400024":[0,"EZ_L"],"1003.20001, 0, 580.799988":[90,"HCZ_L"],"369.600006, 0, 1003.20001":[-90,"EZ_L"],"369.600006, 0, 739.200012":[-90,"EZ_Armory"],"897.599976, 0, 422.399994":[0,"LCZ_I"],"897.599976, 0, 686.400024":[0,"HCZ_I"]}
