{"792, 0, 369.600006":[0,"LCZElevator1"],"792, 0, 316.799988":[0,"LCZ_I"],"897.599976, 0, 316.799988":[0,"LCZ_X"],"686.400024, 0, 264":[90,"SCP-372"],"739.200012, 0, 316.799988":[0,"LCZ_I"],"950.400024, 0, 422.399994":[0,"LCZ_I"],"686.400024, 0, 1003.20001":[0,"HCZ_I"],"897.599976, 0, 1003.20001":[0,"HCZ_I"],"1003.20001, 0, 792":[0,"HCZ_T"],"844.799988, 0, 792":[-90,"HCZ_X"],"528, 0, 739.200012":[180,"EZ_T"],"1003.20001, 0, 369.600006":[90,"LCZ_WC"],"1003.20001, 0, 158.399994":[90,"CDC"],"739.200012, 0, 950.400024":[180,"HCZ_T"],"844.799988, 0, 211.199997":[180,"LCZElevator2"],"686.400024, 0, 422.399994":[180,"LCZ_T"],"1056, 0, 1056":[-90,"SCP-096"],"844.799988, 0, 316.799988":[0,"LCZ_I"],"211.199997, 0, 1003.20001":[180,"EZ_L"],"633.599976, 0, 739.200012":[0,"HCZ_I"],"422.399994, 0, 1003.20001":[0,"EZ_T"],"950.400024, 0, 844.799988":[180,"HCZElevator2"],"580.799988, 0, 739.200012":[0,"Checkpoint"],"739.200012, 0, 1003.20001":[0,"HCZ_L"],"422.399994, 0, 897.599976":[-90,"EZ_I"],"422.399994, 0, 844.799988":[0,"EZ_X"],"528, 0, 897.599976":[90,"EZ_I"],"1056, 0, 1003.20001":[90,"HCZ_L"],"211.199997, 0, 739.200012":[180,"EZ_T"],"422.399994, 0, 739.200012":[0,"EZ_L"],"686.400024, 0, 475.200012":[-90,"SCP-173"],"897.599976, 0, 264":[0,"LCZ_GH"],"844.799988, 0, 739.200012":[90,"HCZ_L"],"475.200012, 0, 844.799988":[0,"EZ_I"],"369.600006, 0, 844.799988":[0,"EZ_I"],"844.799988, 0, 422.399994":[0,"LCZ_I"],"316.799988, 0, 1003.20001":[0,"EZ_T"],"316.799988, 0, 950.400024":[90,"EZ_Armory"],"316.799988, 0, 844.799988":[180,"Gate"],"686.400024, 0, 739.200012":[0,"HCZ_I"],"264, 0, 1003.20001":[180,"EZ_I"],"897.599976, 0, 422.399994":[-90,"LCZ_T"],"580.799988, 0, 1003.20001":[0,"Checkpoint"],"739.200012, 0, 897.599976":[0,"SCP-049"],"211.199997, 0, 950.400024":[90,"EZ_I"],"950.400024, 0, 316.799988":[0,"LCZ_I"],"211.199997, 0, 897.599976":[90,"EZ_T"],"792, 0, 422.399994":[90,"LCZ_T"],"739.200012, 0, 844.799988":[-90,"HCZ_I"],"422.399994, 0, 792":[-90,"EZ_I"],"950.400024, 0, 264":[180,"SCP-914"],"1056, 0, 897.599976":[0,"HCZ_Armory"],"211.199997, 0, 844.799988":[90,"EZ_I"],"264, 0, 739.200012":[0,"EZ_I"],"422.399994, 0, 950.400024":[-90,"EZ_I"],"211.199997, 0, 792":[90,"EZ_T"],"316.799988, 0, 739.200012":[0,"EZ_I"],"897.599976, 0, 369.600006":[-90,"LCZ_I"],"686.400024, 0, 369.600006":[180,"LCZ_T"],"1003.20001, 0, 844.799988":[0,"HCZ_T"],"528, 0, 844.799988":[90,"EZ_T"],"1003.20001, 0, 739.200012":[90,"HCZ_I"],"633.599976, 0, 1003.20001":[0,"HCZ_I"],"792, 0, 950.400024":[90,"HCZ_T"],"1003.20001, 0, 475.200012":[-90,"LCZ_Armory"],"792, 0, 475.200012":[-90,"LCZ_PC"],"528, 0, 1003.20001":[0,"EZ_T"],"158.399994, 0, 897.599976":[180,"Gate"],"792, 0, 1056":[-90,"SCP-079"],"897.599976, 0, 792":[0,"HCZ_I"],"844.799988, 0, 897.599976":[180,"HCZ_T"],"158.399994, 0, 739.200012":[90,"EZ_L"],"686.400024, 0, 316.799988":[180,"LCZ_T"],"528, 0, 792":[90,"EZ_I"],"897.599976, 0, 211.199997":[90,"LCZ_T"],"739.200012, 0, 739.200012":[90,"HCZ_T"],"792, 0, 1003.20001":[180,"HCZ_T"],"950.400024, 0, 211.199997":[180,"LCZ_I"],"158.399994, 0, 792":[180,"EZ_L"],"792, 0, 739.200012":[0,"HCZ_I"],"739.200012, 0, 369.600006":[0,"LCZ_I"],"1003.20001, 0, 422.399994":[0,"LCZ_T"],"897.599976, 0, 897.599976":[0,"SCP-106"],"950.400024, 0, 1003.20001":[0,"HCZ_I"],"739.200012, 0, 792":[180,"HCZ_T"],"1003.20001, 0, 686.400024":[180,"HCZ_L"],"1003.20001, 0, 211.199997":[0,"LCZ_T"],"1003.20001, 0, 264":[0,"LCZ_T"],"1056, 0, 686.400024":[0,"HCZElevator1"],"844.799988, 0, 844.799988":[90,"HCZ_I"],"950.400024, 0, 792":[0,"HCZ_I"],"1003.20001, 0, 897.599976":[180,"HCZ_T"],"792, 0, 792":[180,"HCZ_I"],"844.799988, 0, 950.400024":[0,"HCZ_L"],"1003.20001, 0, 950.400024":[-90,"HCZ_I"],"844.799988, 0, 1003.20001":[0,"HCZ_I"],"1003.20001, 0, 1003.20001":[-90,"HCZ_T"],"739.200012, 0, 422.399994":[0,"LCZ_I"],"1003.20001, 0, 316.799988":[0,"LCZ_T"],"475.200012, 0, 1003.20001":[0,"EZ_I"],"369.600006, 0, 1003.20001":[0,"EZ_I"],"528, 0, 950.400024":[90,"EZ_I"],"369.600006, 0, 739.200012":[0,"EZ_I"]}
